5 4 3 1 14 10 3 10 3
6 5 4 1 19 14 3 14 3
7 6 5 1 22 17 3 17 3
7 5 3 2 21 17 3 16 3
8 7 6 1 32 21 3 20 5
8 6 4 2 13 13 2 13 2
9 8 7 1 39 24 4 24 4
9 7 5 2 33 22 4 22 4
10 9 8 1 44 28 4 28 4
10 8 6 2 32 22 3 22 3
10 7 4 3 32 26 3 26 3
11 10 9 1 56 31 5 30 5
11 9 7 2 43 28 4 28 4
11 8 5 3 38 28 4 28 4
12 11 10 1 65 34 5 34 5
12 10 8 2 40 30 3 30 3
12 9 6 3 20 20 2 20 2
13 12 11 1 72 39 5 39 5
13 11 9 2 53 34 4 34 4
13 10 7 3 50 33 4 33 4
13 9 5 4 43 35 3 35 3
14 13 12 1 86 41 6 40 7
14 12 10 2 47 36 3 36 3
14 11 8 3 55 36 4 36 3
14 10 6 4 47 36 4 34 4
15 14 13 1 97 44 6 44 6
15 13 11 2 69 40 5 40 5
15 12 9 3 50 34 3 34 3
15 11 7 4 55 39 4 39 4
16 15 14 1 106 50 6 50 6
16 14 12 2 70 45 4 44 5
16 13 10 3 65 42 4 42 4
16 12 8 4 27 27 2 27 2
16 11 6 5 54 44 3 44 3
17 16 15 1 122 51 7 50 7
17 15 13 2 83 46 5 46 5
17 14 11 3 70 45 4 45 4
17 13 9 4 67 44 4 44 4
17 12 7 5 60 46 4 46 4
18 17 16 1 135 54 7 54 7
18 16 14 2 82 51 4 51 4
18 15 12 3 61 46 3 46 3
18 14 10 4 72 47 4 47 4
18 13 8 5 66 48 4 48 4
19 18 17 1 146 61 7 61 7
19 17 15 2 97 52 5 52 5
19 16 13 3 80 51 4 51 4
19 15 11 4 77 50 4 50 4
19 14 9 5 72 50 4 50 4
19 13 7 6 65 53 3 53 3
20 19 18 1 164 61 8 60 8
20 18 16 2 93 60 4 59 4
20 17 14 3 88 54 5 54 5
20 16 12 4 68 46 3 46 3
20 15 10 5 34 34 2 34 2
20 14 8 6 71 55 4 55 4
21 20 19 1 179 64 8 64 8
21 19 17 2 117 58 6 58 6
21 18 15 3 72 55 3 55 3
21 17 13 4 87 56 4 56 4
21 16 11 5 84 55 4 55 4
21 15 9 6 73 55 4 53 4
22 21 20 1 192 72 8 72 8
22 20 18 2 120 67 5 65 5
22 19 16 3 104 60 5 60 5
22 18 14 4 92 59 4 59 4
22 17 12 5 89 58 4 58 4
22 16 10 6 83 59 4 59 4
22 15 8 7 76 62 3 62 3
23 22 21 1 212 71 9 70 10
23 21 19 2 135 64 6 64 6
23 20 17 3 111 63 5 63 5
23 19 15 4 97 62 4 62 4
23 18 13 5 94 61 4 61 4
23 17 11 6 89 61 4 61 4
23 16 9 7 82 64 4 64 4
24 23 22 1 229 74 9 74 9
24 22 20 2 136 72 5 72 5
24 21 18 3 108 69 4 67 5
24 20 16 4 82 62 3 62 3
24 19 14 5 99 64 4 64 4
24 18 12 6 41 41 2 41 2
24 17 10 7 88 66 4 66 4
25 24 23 1 244 83 9 83 9
25 23 21 2 153 70 6 70 6
25 22 19 3 125 69 5 69 5
25 21 17 4 107 68 4 68 4
25 20 15 5 86 58 3 58 3
25 19 13 6 101 66 4 66 4
25 18 11 7 94 68 4 68 4
25 17 9 8 87 71 3 71 3
26 25 24 1 266 81 10 80 10
26 24 22 2 151 83 5 82 5
26 23 20 3 132 72 5 72 5
26 22 18 4 115 71 5 71 5
26 21 16 5 109 70 4 70 4
26 20 14 6 106 69 4 69 4
26 19 12 7 100 70 4 70 4
26 18 10 8 93 73 4 73 4
27 26 25 1 285 84 10 84 10
27 25 23 2 177 76 7 76 7
27 24 21 3 125 78 4 78 4
27 23 19 4 123 74 5 74 5
27 22 17 5 114 73 4 73 4
27 21 15 6 111 72 4 72 4
27 20 13 7 106 72 4 72 4
27 19 11 8 99 75 4 75 4
28 27 26 1 302 94 10 94 10
28 26 24 2 182 88 6 86 6
28 25 22 3 146 78 5 78 5
28 24 20 4 97 74 3 74 3
28 23 18 5 119 76 4 76 4
28 22 16 6 116 75 4 75 4
28 21 14 7 48 48 2 48 2
28 20 12 8 99 74 4 71 4
28 19 10 9 98 80 3 80 3
29 28 27 1 326 91 11 90 11
29 27 25 2 199 82 7 82 7
29 26 23 3 156 81 6 81 6
29 25 21 4 139 80 5 80 5
29 24 19 5 124 79 4 79 4
29 23 17 6 121 78 4 78 4
29 22 15 7 118 77 4 77 4
29 21 13 8 111 79 4 79 4
29 20 11 9 104 82 4 82 4
30 29 28 1 347 94 11 94 11
30 28 26 2 202 93 6 93 6
30 27 24 3 142 92 4 90 4
30 26 22 4 146 83 5 83 5
30 25 20 5 103 78 3 78 3
30 24 18 6 104 70 3 70 3
30 23 16 7 123 80 4 80 4
30 22 14 8 117 81 4 81 4
30 21 12 9 110 84 4 84 4
31 30 29 1 366 105 11 105 11
31 29 27 2 221 88 7 88 7
31 28 25 3 176 87 6 87 6
31 27 23 4 153 86 5 86 5
31 26 21 5 134 85 4 85 4
31 25 19 6 131 84 4 84 4
31 24 17 7 128 83 4 83 4
31 23 15 8 123 83 4 83 4
31 22 13 9 116 86 4 86 4
31 21 11 10 109 89 3 89 3
32 31 30 1 392 101 12 100 12
32 30 28 2 221 106 6 105 6
32 29 26 3 185 90 6 90 6
32 28 24 4 146 93 4 91 5
32 27 22 5 142 88 5 88 5
32 26 20 6 136 87 4 87 4
32 25 18 7 133 86 4 86 4
32 24 16 8 55 55 2 55 2
32 23 14 9 122 88 4 88 4
32 22 12 10 115 91 4 91 4
33 32 31 1 415 104 12 104 12
33 31 29 2 249 94 8 94 8
33 30 27 3 184 103 5 100 5
33 29 25 4 167 92 5 92 5
33 28 23 5 150 91 5 91 5
33 27 21 6 141 90 4 90 4
33 26 19 7 138 89 4 89 4
33 25 17 8 135 88 4 88 4
33 24 15 9 128 90 4 90 4
33 23 13 10 121 93 4 93 4
34 33 32 1 436 116 12 116 12
34 32 30 2 256 109 7 107 8
34 31 28 3 203 96 6 96 6
34 30 26 4 174 95 5 95 5
34 29 24 5 158 94 5 94 5
34 28 22 6 146 93 4 93 4
34 27 20 7 143 92 4 92 4
34 26 18 8 140 91 4 91 4
34 25 16 9 134 92 4 92 4
34 24 14 10 127 95 4 95 4
34 23 12 11 120 98 3 98 3
35 34 33 1 464 111 13 110 13
35 33 31 2 275 100 8 100 8
35 32 29 3 212 99 6 99 6
35 31 27 4 181 98 5 98 5
35 30 25 5 122 93 3 93 3
35 29 23 6 151 96 4 96 4
35 28 21 7 122 82 3 82 3
35 27 19 8 145 94 4 94 4
35 26 17 9 140 94 4 94 4
35 25 15 10 125 93 4 90 4
35 24 13 11 126 100 4 100 4
36 35 34 1 489 114 13 114 13
36 34 32 2 280 114 7 114 7
36 33 30 3 207 110 5 110 5
36 32 28 4 168 105 4 105 4
36 31 26 5 174 100 5 100 5
36 30 24 6 124 94 3 94 3
36 29 22 7 153 98 4 98 4
36 28 20 8 150 97 4 97 4
36 27 18 9 62 62 2 62 2
36 26 16 10 139 99 4 99 4
36 25 14 11 132 102 4 102 4
37 36 35 1 512 127 13 127 13
37 35 33 2 301 106 8 106 8
37 34 31 3 230 105 6 105 6
37 33 29 4 195 104 5 104 5
37 32 27 5 181 103 5 103 5
37 31 25 6 161 102 4 102 4
37 30 23 7 158 101 4 101 4
37 29 21 8 155 100 4 100 4
37 28 19 9 152 99 4 99 4
37 27 17 10 145 101 4 101 4
37 26 15 11 138 104 4 104 4
37 25 13 12 131 107 3 107 3
38 37 36 1 542 121 14 120 15
38 36 34 2 303 129 7 128 7
38 35 32 3 242 108 7 108 7
38 34 30 4 205 107 6 107 6
38 33 28 5 188 106 5 106 5
38 32 26 6 169 105 5 105 5
38 31 24 7 163 104 4 104 4
38 30 22 8 160 103 4 103 4
38 29 20 9 157 102 4 102 4
38 28 18 10 151 103 4 103 4
38 27 16 11 144 106 4 106 4
38 26 14 12 137 109 4 109 4
39 38 37 1 569 124 14 124 14
39 37 35 2 333 112 9 112 9
39 36 33 3 230 127 5 125 5
39 35 31 4 215 110 6 110 6
39 34 29 5 195 109 5 109 5
39 33 27 6 177 108 5 108 5
39 32 25 7 168 107 4 107 4
39 31 23 8 165 106 4 106 4
39 30 21 9 162 105 4 105 4
39 29 19 10 157 105 4 105 4
39 28 17 11 150 108 4 108 4
39 27 15 12 143 111 4 111 4
40 39 38 1 594 138 14 138 14
40 38 36 2 342 130 8 128 9
40 37 34 3 266 114 7 114 7
40 36 32 4 191 124 4 121 4
40 35 30 5 184 117 4 115 5
40 34 28 6 185 111 5 111 5
40 33 26 7 173 110 4 110 4
40 32 24 8 140 94 3 94 3
40 31 22 9 167 108 4 108 4
40 30 20 10 69 69 2 69 2
40 29 18 11 156 110 4 110 4
40 28 16 12 149 113 4 113 4
40 27 14 13 142 116 3 116 3
41 40 39 1 626 131 15 130 15
41 39 37 2 363 118 9 118 9
41 38 35 3 277 117 7 117 7
41 37 33 4 235 116 6 116 6
41 36 31 5 209 115 5 115 5
41 35 29 6 193 114 5 114 5
41 34 27 7 178 113 4 113 4
41 33 25 8 175 112 4 112 4
41 32 23 9 172 111 4 111 4
41 31 21 10 169 110 4 110 4
41 30 19 11 162 112 4 112 4
41 29 17 12 155 115 4 115 4
41 28 15 13 148 118 4 118 4
42 41 40 1 655 134 15 134 15
42 40 38 2 370 135 8 135 8
42 39 36 3 278 135 6 132 7
42 38 34 4 244 119 6 119 6
42 37 32 5 216 118 5 118 5
42 36 30 6 147 112 3 112 3
42 35 28 7 145 110 3 110 3
42 34 26 8 180 115 4 115 4
42 33 24 9 177 114 4 114 4
42 32 22 10 174 113 4 113 4
42 31 20 11 168 114 4 114 4
42 30 18 12 151 112 4 109 4
42 29 16 13 154 120 4 120 4
43 42 41 1 682 149 15 149 15
43 41 39 2 393 124 9 124 9
43 40 37 3 299 123 7 123 7
43 39 35 4 253 122 6 122 6
43 38 33 5 223 121 5 121 5
43 37 31 6 209 120 5 120 5
43 36 29 7 188 119 4 119 4
43 35 27 8 185 118 4 118 4
43 34 25 9 182 117 4 117 4
43 33 23 10 179 116 4 116 4
43 32 21 11 174 116 4 116 4
43 31 19 12 167 119 4 119 4
43 30 17 13 160 122 4 122 4
43 29 15 14 153 125 3 125 3
44 43 42 1 716 141 16 140 16
44 42 40 2 397 152 8 151 8
44 41 38 3 310 126 7 126 7
44 40 36 4 248 139 5 135 5
44 39 34 5 230 124 5 124 5
44 38 32 6 216 123 5 123 5
44 37 30 7 196 122 5 122 5
44 36 28 8 190 121 4 121 4
44 35 26 9 187 120 4 120 4
44 34 24 10 184 119 4 119 4
44 33 22 11 76 76 2 76 2
44 32 20 12 173 121 4 121 4
44 31 18 13 166 124 4 124 4
44 30 16 14 159 127 4 127 4
45 44 43 1 747 144 16 144 16
45 43 41 2 429 130 10 130 10
45 42 39 3 307 142 6 142 6
45 41 37 4 271 128 6 128 6
45 40 35 5 211 132 4 132 4
45 39 33 6 223 126 5 126 5
45 38 31 7 204 125 5 125 5
45 37 29 8 195 124 4 124 4
45 36 27 9 158 106 3 106 3
45 35 25 10 189 122 4 122 4
45 34 23 11 186 121 4 121 4
45 33 21 12 179 123 4 123 4
45 32 19 13 172 126 4 126 4
45 31 17 14 165 129 4 129 4
46 45 44 1 776 160 16 160 16
46 44 42 2 440 151 9 149 9
46 43 40 3 332 132 7 132 7
46 42 38 4 280 131 6 131 6
46 41 36 5 244 130 5 130 5
46 40 34 6 230 129 5 129 5
46 39 32 7 212 128 5 128 5
46 38 30 8 200 127 4 127 4
46 37 28 9 197 126 4 126 4
46 36 26 10 194 125 4 125 4
46 35 24 11 191 124 4 124 4
46 34 22 12 185 125 4 125 4
46 33 20 13 178 128 4 128 4
46 32 18 14 171 131 4 131 4
46 31 16 15 164 134 3 134 3
47 46 45 1 812 151 17 150 17
47 45 43 2 463 136 10 136 10
47 44 41 3 346 135 8 135 8
47 43 39 4 289 134 6 134 6
47 42 37 5 254 133 6 133 6
47 41 35 6 237 132 5 132 5
47 40 33 7 220 131 5 131 5
47 39 31 8 205 130 4 130 4
47 38 29 9 202 129 4 129 4
47 37 27 10 199 128 4 128 4
47 36 25 11 196 127 4 127 4
47 35 23 12 191 127 4 127 4
47 34 21 13 184 130 4 130 4
47 33 19 14 177 133 4 133 4
47 32 17 15 170 136 4 136 4
48 47 46 1 845 154 17 154 17
48 46 44 2 472 156 9 156 9
48 45 42 3 336 162 6 160 6
48 44 40 4 278 148 5 148 5
48 43 38 5 264 136 6 136 6
48 42 36 6 222 141 4 138 5
48 41 34 7 228 134 5 134 5
48 40 32 8 166 126 3 126 3
48 39 30 9 207 132 4 132 4
48 38 28 10 204 131 4 131 4
48 37 26 11 201 130 4 130 4
48 36 24 12 83 83 2 83 2
48 35 22 13 190 132 4 132 4
48 34 20 14 183 135 4 135 4
48 33 18 15 176 138 4 138 4
49 48 47 1 876 171 17 171 17
49 47 45 2 497 142 10 142 10
49 46 43 3 374 141 8 141 8
49 45 41 4 307 140 6 140 6
49 44 39 5 274 139 6 139 6
49 43 37 6 251 138 5 138 5
49 42 35 7 172 131 3 131 3
49 41 33 8 215 136 4 136 4
49 40 31 9 212 135 4 135 4
49 39 29 10 209 134 4 134 4
49 38 27 11 206 133 4 133 4
49 37 25 12 203 132 4 132 4
49 36 23 13 196 134 4 134 4
49 35 21 14 177 131 4 127 4
49 34 19 15 182 140 4 140 4
49 33 17 16 175 143 3 143 3
50 49 48 1 914 161 18 160 18
50 48 46 2 503 175 9 174 9
50 47 44 3 387 144 8 144 8
50 46 42 4 319 143 7 143 7
50 45 40 5 240 156 4 152 4
50 44 38 6 258 141 5 141 5
50 43 36 7 244 140 5 140 5
50 42 34 8 223 139 5 139 5
50 41 32 9 217 138 4 138 4
50 40 30 10 176 118 3 118 3
50 39 28 11 211 136 4 136 4
50 38 26 12 208 135 4 135 4
50 37 24 13 202 136 4 136 4
50 36 22 14 195 139 4 139 4
50 35 20 15 188 142 4 142 4
50 34 18 16 181 145 4 145 4
51 50 49 1 949 164 18 164 18
51 49 47 2 537 148 11 148 11
51 48 45 3 390 167 7 164 8
51 47 43 4 331 146 7 146 7
51 46 41 5 294 145 6 145 6
51 45 39 6 265 144 5 144 5
51 44 37 7 251 143 5 143 5
51 43 35 8 231 142 5 142 5
51 42 33 9 222 141 4 141 4
51 41 31 10 219 140 4 140 4
51 40 29 11 216 139 4 139 4
51 39 27 12 213 138 4 138 4
51 38 25 13 208 138 4 138 4
51 37 23 14 201 141 4 141 4
51 36 21 15 194 144 4 144 4
51 35 19 16 187 147 4 147 4
52 51 50 1 982 182 18 182 18
52 50 48 2 550 172 10 170 10
52 49 46 3 413 150 8 150 8
52 48 44 4 309 171 5 168 5
52 47 42 5 303 148 6 148 6
52 46 40 6 272 147 5 147 5
52 45 38 7 258 146 5 146 5
52 44 36 8 239 145 5 145 5
52 43 34 9 227 144 4 144 4
52 42 32 10 224 143 4 143 4
52 41 30 11 221 142 4 142 4
52 40 28 12 218 141 4 141 4
52 39 26 13 90 90 2 90 2
52 38 24 14 207 143 4 143 4
52 37 22 15 200 146 4 146 4
52 36 20 16 193 149 4 149 4
52 35 18 17 186 152 3 152 3
53 52 51 1 1022 171 19 170 19
53 51 49 2 575 154 11 154 11
53 50 47 3 426 153 8 153 8
53 49 45 4 355 152 7 152 7
53 48 43 5 312 151 6 151 6
53 47 41 6 279 150 5 150 5
53 46 39 7 265 149 5 149 5
53 45 37 8 247 148 5 148 5
53 44 35 9 232 147 4 147 4
53 43 33 10 229 146 4 146 4
53 42 31 11 226 145 4 145 4
53 41 29 12 223 144 4 144 4
53 40 27 13 220 143 4 143 4
53 39 25 14 213 145 4 145 4
53 38 23 15 206 148 4 148 4
53 37 21 16 199 151 4 151 4
53 36 19 17 192 154 4 154 4
54 53 52 1 1059 174 19 174 19
54 52 50 2 586 177 10 177 10
54 51 48 3 425 174 7 174 7
54 50 46 4 366 155 7 155 7
54 49 44 5 321 154 6 154 6
54 48 42 6 254 159 4 159 4
54 47 40 7 272 152 5 152 5
54 46 38 8 255 151 5 151 5
54 45 36 9 187 142 3 142 3
54 44 34 10 234 149 4 149 4
54 43 32 11 231 148 4 148 4
54 42 30 12 228 147 4 147 4
54 41 28 13 225 146 4 146 4
54 40 26 14 219 147 4 147 4
54 39 24 15 212 150 4 150 4
54 38 22 16 205 153 4 153 4
54 37 20 17 198 156 4 156 4
55 54 53 1 1094 193 19 193 19
55 53 51 2 613 160 11 160 11
55 52 49 3 452 159 8 159 8
55 51 47 4 377 158 7 158 7
55 50 45 5 312 175 5 170 6
55 49 43 6 293 156 5 156 5
55 48 41 7 279 155 5 155 5
55 47 39 8 263 154 5 154 5
55 46 37 9 242 153 4 153 4
55 45 35 10 239 152 4 152 4
55 44 33 11 194 130 3 130 3
55 43 31 12 233 150 4 150 4
55 42 29 13 230 149 4 149 4
55 41 27 14 225 149 4 149 4
55 40 25 15 218 152 4 152 4
55 39 23 16 211 155 4 155 4
55 38 21 17 204 158 4 158 4
55 37 19 18 197 161 3 161 3
56 55 54 1 1136 181 20 180 20
56 54 52 2 621 198 10 197 10
56 53 50 3 468 162 9 162 9
56 52 48 4 374 182 6 178 7
56 51 46 5 339 160 6 160 6
56 50 44 6 303 159 6 159 6
56 49 42 7 260 165 4 163 5
56 48 40 8 197 150 3 150 3
56 47 38 9 250 156 5 156 5
56 46 36 10 244 155 4 155 4
56 45 34 11 241 154 4 154 4
56 44 32 12 238 153 4 153 4
56 43 30 13 235 152 4 152 4
56 42 28 14 97 97 2 97 2
56 41 26 15 224 154 4 154 4
56 40 24 16 203 150 4 144 4
56 39 22 17 210 160 4 160 4
56 38 20 18 203 163 4 163 4
57 56 55 1 1175 184 20 184 20
57 55 53 2 657 166 12 166 12
57 54 51 3 460 197 7 195 7
57 53 49 4 399 164 7 164 7
57 52 47 5 348 163 6 163 6
57 51 45 6 313 162 6 162 6
57 50 43 7 293 161 5 161 5
57 49 41 8 279 160 5 160 5
57 48 39 9 258 159 5 159 5
57 47 37 10 249 158 4 158 4
57 46 35 11 246 157 4 157 4
57 45 33 12 243 156 4 156 4
57 44 31 13 240 155 4 155 4
57 43 29 14 237 154 4 154 4
57 42 27 15 230 156 4 156 4
57 41 25 16 223 159 4 159 4
57 40 23 17 216 162 4 162 4
57 39 21 18 209 165 4 165 4
58 57 56 1 1212 204 20 204 20
58 56 54 2 672 193 11 191 12
58 55 52 3 500 168 9 168 9
58 54 50 4 410 167 7 167 7
58 53 48 5 357 166 6 166 6
58 52 46 6 323 165 6 165 6
58 51 44 7 300 164 5 164 5
58 50 42 8 286 163 5 163 5
58 49 40 9 266 162 5 162 5
58 48 38 10 254 161 4 161 4
58 47 36 11 251 160 4 160 4
58 46 34 12 248 159 4 159 4
58 45 32 13 245 158 4 158 4
58 44 30 14 242 157 4 157 4
58 43 28 15 236 158 4 158 4
58 42 26 16 229 161 4 161 4
58 41 24 17 222 164 4 164 4
58 40 22 18 215 167 4 167 4
58 39 20 19 208 170 3 170 3
59 58 57 1 1256 191 21 190 21
59 57 55 2 699 172 12 172 12
59 56 53 3 515 171 9 171 9
59 55 51 4 421 170 7 170 7
59 54 49 5 366 169 6 169 6
59 53 47 6 333 168 6 168 6
59 52 45 7 307 167 5 167 5
59 51 43 8 293 166 5 166 5
59 50 41 9 274 165 5 165 5
59 49 39 10 259 164 4 164 4
59 48 37 11 256 163 4 163 4
59 47 35 12 253 162 4 162 4
59 46 33 13 250 161 4 161 4
59 45 31 14 247 160 4 160 4
59 44 29 15 242 160 4 160 4
59 43 27 16 235 163 4 163 4
59 42 25 17 228 166 4 166 4
59 41 23 18 221 169 4 169 4
59 40 21 19 214 172 4 172 4
60 59 58 1 1297 194 21 194 21
60 58 56 2 712 198 11 198 11
60 57 54 3 520 199 8 196 8
60 56 52 4 412 191 6 191 6
60 55 50 5 349 186 5 186 5
60 54 48 6 289 188 4 184 4
60 53 46 7 314 170 5 170 5
60 52 44 8 300 169 5 169 5
60 51 42 9 282 168 5 168 5
60 50 40 10 208 158 3 158 3
60 49 38 11 261 166 4 166 4
60 48 36 12 212 142 3 142 3
60 47 34 13 255 164 4 164 4
60 46 32 14 252 163 4 163 4
60 45 30 15 104 104 2 104 2
60 44 28 16 241 165 4 165 4
60 43 26 17 234 168 4 168 4
60 42 24 18 227 171 4 171 4
60 41 22 19 220 174 4 174 4
61 60 59 1 1336 215 21 215 21
61 59 57 2 741 178 12 178 12
61 58 55 3 545 177 9 177 9
61 57 53 4 443 176 7 176 7
61 56 51 5 384 175 6 175 6
61 55 49 6 353 174 6 174 6
61 54 47 7 321 173 5 173 5
61 53 45 8 307 172 5 172 5
61 52 43 9 290 171 5 171 5
61 51 41 10 269 170 4 170 4
61 50 39 11 266 169 4 169 4
61 49 37 12 263 168 4 168 4
61 48 35 13 260 167 4 167 4
61 47 33 14 257 166 4 166 4
61 46 31 15 254 165 4 165 4
61 45 29 16 247 167 4 167 4
61 44 27 17 240 170 4 170 4
61 43 25 18 233 173 4 173 4
61 42 23 19 226 176 4 176 4
61 41 21 20 219 179 3 179 3
62 61 60 1 1382 201 22 200 22
62 60 58 2 751 221 11 220 11
62 59 56 3 560 180 9 180 9
62 58 54 4 457 179 8 179 8
62 57 52 5 396 178 7 178 7
62 56 50 6 362 177 6 177 6
62 55 48 7 328 176 5 176 5
62 54 46 8 314 175 5 175 5
62 53 44 9 298 174 5 174 5
62 52 42 10 277 173 5 173 5
62 51 40 11 271 172 4 172 4
62 50 38 12 268 171 4 171 4
62 49 36 13 265 170 4 170 4
62 48 34 14 262 169 4 169 4
62 47 32 15 259 168 4 168 4
62 46 30 16 253 169 4 169 4
62 45 28 17 246 172 4 172 4
62 44 26 18 239 175 4 175 4
62 43 24 19 232 178 4 178 4
62 42 22 20 225 181 4 181 4
63 62 61 1 1425 204 22 204 22
63 61 59 2 789 184 13 184 13
63 60 57 3 561 206 8 206 8
63 59 55 4 471 182 8 182 8
63 58 53 5 408 181 7 181 7
63 57 51 6 371 180 6 180 6
63 56 49 7 297 186 4 186 4
63 55 47 8 321 178 5 178 5
63 54 45 9 222 169 3 169 3
63 53 43 10 285 176 5 176 5
63 52 41 11 276 175 4 175 4
63 51 39 12 273 174 4 174 4
63 50 37 13 270 173 4 173 4
63 49 35 14 267 172 4 172 4
63 48 33 15 264 171 4 171 4
63 47 31 16 259 171 4 171 4
63 46 29 17 252 174 4 174 4
63 45 27 18 229 169 4 163 4
63 44 25 19 238 180 4 180 4
63 43 23 20 231 183 4 183 4
64 63 62 1 1466 226 22 226 22
64 62 60 2 806 214 12 212 12
64 61 58 3 590 186 9 186 9
64 60 56 4 451 218 6 215 6
64 59 54 5 420 184 7 184 7
64 58 52 6 380 183 6 183 6
64 57 50 7 342 182 5 182 5
64 56 48 8 298 189 4 187 5
64 55 46 9 314 180 5 180 5
64 54 44 10 293 179 5 179 5
64 53 42 11 281 178 4 178 4
64 52 40 12 278 177 4 177 4
64 51 38 13 275 176 4 176 4
64 50 36 14 272 175 4 175 4
64 49 34 15 269 174 4 174 4
64 48 32 16 111 111 2 111 2
64 47 30 17 258 176 4 176 4
64 46 28 18 251 179 4 179 4
64 45 26 19 244 182 4 182 4
64 44 24 20 237 185 4 185 4
64 43 22 21 230 188 3 188 3
65 64 63 1 1514 211 23 210 23
65 63 61 2 835 190 13 190 13
65 62 59 3 608 189 10 189 10
65 61 57 4 499 188 8 188 8
65 60 55 5 388 215 5 211 5
65 59 53 6 389 186 6 186 6
65 58 51 7 352 185 6 185 6
65 57 49 8 335 184 5 184 5
65 56 47 9 321 183 5 183 5
65 55 45 10 301 182 5 182 5
65 54 43 11 286 181 4 181 4
65 53 41 12 283 180 4 180 4
65 52 39 13 230 154 3 154 3
65 51 37 14 277 178 4 178 4
65 50 35 15 274 177 4 177 4
65 49 33 16 271 176 4 176 4
65 48 31 17 264 178 4 178 4
65 47 29 18 257 181 4 181 4
65 46 27 19 250 184 4 184 4
65 45 25 20 243 187 4 187 4
65 44 23 21 236 190 4 190 4
66 65 64 1 1559 214 23 214 23
66 64 62 2 850 219 12 219 12
66 63 60 3 602 232 8 230 8
66 62 58 4 512 191 8 191 8
66 61 56 5 444 190 7 190 7
66 60 54 6 376 211 5 206 5
66 59 52 7 362 188 6 188 6
66 58 50 8 342 187 5 187 5
66 57 48 9 328 186 5 186 5
66 56 46 10 309 185 5 185 5
66 55 44 11 229 174 3 174 3
66 54 42 12 288 183 4 183 4
66 53 40 13 285 182 4 182 4
66 52 38 14 282 181 4 181 4
66 51 36 15 279 180 4 180 4
66 50 34 16 276 179 4 179 4
66 49 32 17 270 180 4 180 4
66 48 30 18 263 183 4 183 4
66 47 28 19 256 186 4 186 4
66 46 26 20 249 189 4 189 4
66 45 24 21 242 192 4 192 4
67 66 65 1 1602 237 23 237 23
67 65 63 2 881 196 13 196 13
67 64 61 3 644 195 10 195 10
67 63 59 4 525 194 8 194 8
67 62 57 5 455 193 7 193 7
67 61 55 6 407 192 6 192 6
67 60 53 7 372 191 6 191 6
67 59 51 8 349 190 5 190 5
67 58 49 9 335 189 5 189 5
67 57 47 10 317 188 5 188 5
67 56 45 11 296 187 4 187 4
67 55 43 12 293 186 4 186 4
67 54 41 13 290 185 4 185 4
67 53 39 14 287 184 4 184 4
67 52 37 15 284 183 4 183 4
67 51 35 16 281 182 4 182 4
67 50 33 17 276 182 4 182 4
67 49 31 18 269 185 4 185 4
67 48 29 19 262 188 4 188 4
67 47 27 20 255 191 4 191 4
67 46 25 21 248 194 4 194 4
67 45 23 22 241 197 3 197 3
68 67 66 1 1652 221 24 220 24
68 66 64 2 893 244 12 243 12
68 65 62 3 661 198 10 198 10
68 64 60 4 524 225 7 221 7
68 63 58 5 466 196 7 196 7
68 62 56 6 416 195 6 195 6
68 61 54 7 382 194 6 194 6
68 60 52 8 356 193 5 193 5
68 59 50 9 342 192 5 192 5
68 58 48 10 325 191 5 191 5
68 57 46 11 304 190 5 190 5
68 56 44 12 298 189 4 189 4
68 55 42 13 295 188 4 188 4
68 54 40 14 292 187 4 187 4
68 53 38 15 289 186 4 186 4
68 52 36 16 286 185 4 185 4
68 51 34 17 118 118 2 118 2
68 50 32 18 275 187 4 187 4
68 49 30 19 268 190 4 190 4
68 48 28 20 261 193 4 193 4
68 47 26 21 254 196 4 196 4
68 46 24 22 247 199 4 199 4
69 68 67 1 1699 224 24 224 24
69 67 65 2 933 202 14 202 14
69 66 63 3 668 231 9 228 9
69 65 61 4 551 200 8 200 8
69 64 59 5 477 199 7 199 7
69 63 57 6 425 198 6 198 6
69 62 55 7 392 197 6 197 6
69 61 53 8 363 196 5 196 5
69 60 51 9 349 195 5 195 5
69 59 49 10 333 194 5 194 5
69 58 47 11 312 193 5 193 5
69 57 45 12 303 192 4 192 4
69 56 43 13 300 191 4 191 4
69 55 41 14 297 190 4 190 4
69 54 39 15 294 189 4 189 4
69 53 37 16 291 188 4 188 4
69 52 35 17 288 187 4 187 4
69 51 33 18 281 189 4 189 4
69 50 31 19 274 192 4 192 4
69 49 29 20 267 195 4 195 4
69 48 27 21 260 198 4 198 4
69 47 25 22 253 201 4 201 4
70 69 68 1 1744 248 24 248 24
70 68 66 2 952 235 13 233 14
70 67 64 3 695 204 10 204 10
70 66 62 4 564 203 8 203 8
70 65 60 5 470 229 6 224 7
70 64 58 6 434 201 6 201 6
70 63 56 7 338 220 4 214 4
70 62 54 8 370 199 5 199 5
70 61 52 9 356 198 5 198 5
70 60 50 10 247 188 3 188 3
70 59 48 11 320 196 5 196 5
70 58 46 12 308 195 4 195 4
70 57 44 13 305 194 4 194 4
70 56 42 14 248 166 3 166 3
70 55 40 15 299 192 4 192 4
70 54 38 16 296 191 4 191 4
70 53 36 17 293 190 4 190 4
70 52 34 18 287 191 4 191 4
70 51 32 19 280 194 4 194 4
70 50 30 20 255 188 4 182 4
70 49 28 21 266 200 4 200 4
70 48 26 22 259 203 4 203 4
70 47 24 23 252 206 3 206 3
71 70 69 1 1796 231 25 230 25
71 69 67 2 983 208 14 208 14
71 68 65 3 712 207 10 207 10
71 67 63 4 577 206 8 206 8
71 66 61 5 499 205 7 205 7
71 65 59 6 443 204 6 204 6
71 64 57 7 412 203 6 203 6
71 63 55 8 377 202 5 202 5
71 62 53 9 363 201 5 201 5
71 61 51 10 349 200 5 200 5
71 60 49 11 328 199 5 199 5
71 59 47 12 313 198 4 198 4
71 58 45 13 310 197 4 197 4
71 57 43 14 307 196 4 196 4
71 56 41 15 304 195 4 195 4
71 55 39 16 301 194 4 194 4
71 54 37 17 298 193 4 193 4
71 53 35 18 293 193 4 193 4
71 52 33 19 286 196 4 196 4
71 51 31 20 279 199 4 199 4
71 50 29 21 272 202 4 202 4
71 49 27 22 265 205 4 205 4
71 48 25 23 258 208 4 208 4
72 71 70 1 1845 234 25 234 25
72 70 68 2 1000 240 13 240 13
72 69 66 3 715 238 9 238 9
72 68 64 4 570 234 7 234 7
72 67 62 5 510 208 7 208 7
72 66 60 6 420 224 5 224 5
72 65 58 7 421 206 6 206 6
72 64 56 8 340 213 4 213 4
72 63 54 9 336 213 4 211 5
72 62 52 10 356 203 5 203 5
72 61 50 11 336 202 5 202 5
72 60 48 12 250 190 3 190 3
72 59 46 13 315 200 4 200 4
72 58 44 14 312 199 4 199 4
72 57 42 15 309 198 4 198 4
72 56 40 16 306 197 4 197 4
72 55 38 17 303 196 4 196 4
72 54 36 18 125 125 2 125 2
72 53 34 19 292 198 4 198 4
72 52 32 20 285 201 4 201 4
72 51 30 21 278 204 4 204 4
72 50 28 22 271 207 4 207 4
72 49 26 23 264 210 4 210 4
73 72 71 1 1892 259 25 259 25
73 71 69 2 1033 214 14 214 14
73 70 67 3 746 213 10 213 10
73 69 65 4 603 212 8 212 8
73 68 63 5 521 211 7 211 7
73 67 61 6 461 210 6 210 6
73 66 59 7 430 209 6 209 6
73 65 57 8 391 208 5 208 5
73 64 55 9 377 207 5 207 5
73 63 53 10 363 206 5 206 5
73 62 51 11 344 205 5 205 5
73 61 49 12 323 204 4 204 4
73 60 47 13 320 203 4 203 4
73 59 45 14 317 202 4 202 4
73 58 43 15 314 201 4 201 4
73 57 41 16 311 200 4 200 4
73 56 39 17 308 199 4 199 4
73 55 37 18 305 198 4 198 4
73 54 35 19 298 200 4 200 4
73 53 33 20 291 203 4 203 4
73 52 31 21 284 206 4 206 4
73 51 29 22 277 209 4 209 4
73 50 27 23 270 212 4 212 4
73 49 25 24 263 215 3 215 3
74 73 72 1 1946 241 26 240 26
74 72 70 2 1047 267 13 266 13
74 71 68 3 766 216 11 216 11
74 70 66 4 619 215 9 215 9
74 69 64 5 532 214 7 214 7
74 68 62 6 473 213 7 213 7
74 67 60 7 439 212 6 212 6
74 66 58 8 401 211 6 211 6
74 65 56 9 384 210 5 210 5
74 64 54 10 370 209 5 209 5
74 63 52 11 352 208 5 208 5
74 62 50 12 331 207 5 207 5
74 61 48 13 325 206 4 206 4
74 60 46 14 322 205 4 205 4
74 59 44 15 319 204 4 204 4
74 58 42 16 316 203 4 203 4
74 57 40 17 313 202 4 202 4
74 56 38 18 310 201 4 201 4
74 55 36 19 304 202 4 202 4
74 54 34 20 297 205 4 205 4
74 53 32 21 290 208 4 208 4
74 52 30 22 283 211 4 211 4
74 51 28 23 276 214 4 214 4
74 50 26 24 269 217 4 217 4
75 74 73 1 1997 244 26 244 26
75 73 71 2 1089 220 15 220 15
75 72 69 3 762 267 9 265 9
75 71 67 4 635 218 9 218 9
75 70 65 5 517 240 6 240 6
75 69 63 6 485 216 7 216 7
75 68 61 7 448 215 6 215 6
75 67 59 8 411 214 6 214 6
75 66 57 9 391 213 5 213 5
75 65 55 10 377 212 5 212 5
75 64 53 11 360 211 5 211 5
75 63 51 12 339 210 5 210 5
75 62 49 13 330 209 4 209 4
75 61 47 14 327 208 4 208 4
75 60 45 15 266 178 3 178 3
75 59 43 16 321 206 4 206 4
75 58 41 17 318 205 4 205 4
75 57 39 18 315 204 4 204 4
75 56 37 19 310 204 4 204 4
75 55 35 20 303 207 4 207 4
75 54 33 21 296 210 4 210 4
75 53 31 22 289 213 4 213 4
75 52 29 23 282 216 4 216 4
75 51 27 24 275 219 4 219 4
76 75 74 1 2046 270 26 270 26
76 74 72 2 1110 256 14 254 14
76 73 70 3 806 222 11 222 11
76 72 68 4 617 265 7 262 7
76 71 66 5 554 220 7 220 7
76 70 64 6 497 219 7 219 7
76 69 62 7 457 218 6 218 6
76 68 60 8 421 217 6 217 6
76 67 58 9 398 216 5 216 5
76 66 56 10 384 215 5 215 5
76 65 54 11 368 214 5 214 5
76 64 52 12 347 213 5 213 5
76 63 50 13 335 212 4 212 4
76 62 48 14 332 211 4 211 4
76 61 46 15 329 210 4 210 4
76 60 44 16 326 209 4 209 4
76 59 42 17 323 208 4 208 4
76 58 40 18 320 207 4 207 4
76 57 38 19 132 132 2 132 2
76 56 36 20 309 209 4 209 4
76 55 34 21 302 212 4 212 4
76 54 32 22 295 215 4 215 4
76 53 30 23 288 218 4 218 4
76 52 28 24 281 221 4 221 4
76 51 26 25 274 224 3 224 3
77 76 75 1 2102 251 27 250 27
77 75 73 2 1143 226 15 226 15
77 74 71 3 825 225 11 225 11
77 73 69 4 667 224 9 224 9
77 72 67 5 568 223 8 223 8
77 71 65 6 509 222 7 222 7
77 70 63 7 440 247 5 241 5
77 69 61 8 431 220 6 220 6
77 68 59 9 405 219 5 219 5
77 67 57 10 391 218 5 218 5
77 66 55 11 272 207 3 207 3
77 65 53 12 355 216 5 216 5
77 64 51 13 340 215 4 215 4
77 63 49 14 337 214 4 214 4
77 62 47 15 334 213 4 213 4
77 61 45 16 331 212 4 212 4
77 60 43 17 328 211 4 211 4
77 59 41 18 325 210 4 210 4
77 58 39 19 322 209 4 209 4
77 57 37 20 315 211 4 211 4
77 56 35 21 308 214 4 214 4
77 55 33 22 281 207 4 201 4
77 54 31 23 294 220 4 220 4
77 53 29 24 287 223 4 223 4
77 52 27 25 280 226 4 226 4
78 77 76 1 2155 254 27 254 27
78 76 74 2 1162 261 14 261 14
78 75 72 3 834 263 10 260 10
78 74 70 4 682 227 9 227 9
78 73 68 5 582 226 8 226 8
78 72 66 6 467 259 5 254 5
78 71 64 7 475 224 6 224 6
78 70 62 8 441 223 6 223 6
78 69 60 9 412 222 5 222 5
78 68 58 10 398 221 5 221 5
78 67 56 11 384 220 5 220 5
78 66 54 12 363 219 5 219 5
78 65 52 13 271 206 3 206 3
78 64 50 14 342 217 4 217 4
78 63 48 15 339 216 4 216 4
78 62 46 16 336 215 4 215 4
78 61 44 17 333 214 4 214 4
78 60 42 18 330 213 4 213 4
78 59 40 19 327 212 4 212 4
78 58 38 20 321 213 4 213 4
78 57 36 21 314 216 4 216 4
78 56 34 22 307 219 4 219 4
78 55 32 23 300 222 4 222 4
78 54 30 24 293 225 4 225 4
78 53 28 25 286 228 4 228 4
79 78 77 1 2206 281 27 281 27
79 77 75 2 1197 232 15 232 15
79 76 73 3 863 231 11 231 11
79 75 71 4 697 230 9 230 9
79 74 69 5 596 229 8 229 8
79 73 67 6 533 228 7 228 7
79 72 65 7 484 227 6 227 6
79 71 63 8 451 226 6 226 6
79 70 61 9 419 225 5 225 5
79 69 59 10 405 224 5 224 5
79 68 57 11 391 223 5 223 5
79 67 55 12 371 222 5 222 5
79 66 53 13 350 221 4 221 4
79 65 51 14 347 220 4 220 4
79 64 49 15 344 219 4 219 4
79 63 47 16 341 218 4 218 4
79 62 45 17 338 217 4 217 4
79 61 43 18 335 216 4 216 4
79 60 41 19 332 215 4 215 4
79 59 39 20 327 215 4 215 4
79 58 37 21 320 218 4 218 4
79 57 35 22 313 221 4 221 4
79 56 33 23 306 224 4 224 4
79 55 31 24 299 227 4 227 4
79 54 29 25 292 230 4 230 4
79 53 27 26 285 233 3 233 3
80 79 78 1 2264 261 28 260 28
80 78 76 2 1213 290 14 289 14
80 77 74 3 882 234 11 234 11
80 76 72 4 698 268 8 264 9
80 75 70 5 566 274 6 271 6
80 74 68 6 544 231 7 231 7
80 73 66 7 493 230 6 230 6
80 72 64 8 387 252 4 246 4
80 71 62 9 426 228 5 228 5
80 70 60 10 374 237 4 234 4
80 69 58 11 398 226 5 226 5
80 68 56 12 379 225 5 225 5
80 67 54 13 358 224 5 224 5
80 66 52 14 352 223 4 223 4
80 65 50 15 349 222 4 222 4
80 64 48 16 284 190 3 190 3
80 63 46 17 343 220 4 220 4
80 62 44 18 340 219 4 219 4
80 61 42 19 337 218 4 218 4
80 60 40 20 139 139 2 139 2
80 59 38 21 326 220 4 220 4
80 58 36 22 319 223 4 223 4
80 57 34 23 312 226 4 226 4
80 56 32 24 305 229 4 229 4
80 55 30 25 298 232 4 232 4
80 54 28 26 291 235 4 235 4
81 80 79 1 2319 264 28 264 28
81 79 77 2 1257 238 16 238 16
81 78 75 3 887 270 10 270 10
81 77 73 4 727 236 9 236 9
81 76 71 5 624 235 8 235 8
81 75 69 6 555 234 7 234 7
81 74 67 7 502 233 6 233 6
81 73 65 8 471 232 6 232 6
81 72 63 9 383 240 4 240 4
81 71 61 10 419 230 5 230 5
81 70 59 11 405 229 5 229 5
81 69 57 12 387 228 5 228 5
81 68 55 13 366 227 5 227 5
81 67 53 14 357 226 4 226 4
81 66 51 15 354 225 4 225 4
81 65 49 16 351 224 4 224 4
81 64 47 17 348 223 4 223 4
81 63 45 18 345 222 4 222 4
81 62 43 19 342 221 4 221 4
81 61 41 20 339 220 4 220 4
81 60 39 21 332 222 4 222 4
81 59 37 22 325 225 4 225 4
81 58 35 23 318 228 4 228 4
81 57 33 24 311 231 4 231 4
81 56 31 25 304 234 4 234 4
81 55 29 26 297 237 4 237 4
82 81 80 1 2372 292 28 292 28
82 80 78 2 1280 277 15 275 16
82 79 76 3 920 240 11 240 11
82 78 74 4 742 239 9 239 9
82 77 72 5 637 238 8 238 8
82 76 70 6 566 237 7 237 7
82 75 68 7 511 236 6 236 6
82 74 66 8 480 235 6 235 6
82 73 64 9 440 234 5 234 5
82 72 62 10 426 233 5 233 5
82 71 60 11 412 232 5 232 5
82 70 58 12 395 231 5 231 5
82 69 56 13 374 230 5 230 5
82 68 54 14 362 229 4 229 4
82 67 52 15 359 228 4 228 4
82 66 50 16 356 227 4 227 4
82 65 48 17 353 226 4 226 4
82 64 46 18 350 225 4 225 4
82 63 44 19 347 224 4 224 4
82 62 42 20 344 223 4 223 4
82 61 40 21 338 224 4 224 4
82 60 38 22 331 227 4 227 4
82 59 36 23 324 230 4 230 4
82 58 34 24 317 233 4 233 4
82 57 32 25 310 236 4 236 4
82 56 30 26 303 239 4 239 4
82 55 28 27 296 242 3 242 3
83 82 81 1 2432 271 29 270 29
83 81 79 2 1315 244 16 244 16
83 80 77 3 942 243 12 243 12
83 79 75 4 757 242 9 242 9
83 78 73 5 650 241 8 241 8
83 77 71 6 577 240 7 240 7
83 76 69 7 520 239 6 239 6
83 75 67 8 489 238 6 238 6
83 74 65 9 450 237 6 237 6
83 73 63 10 433 236 5 236 5
83 72 61 11 419 235 5 235 5
83 71 59 12 403 234 5 234 5
83 70 57 13 382 233 5 233 5
83 69 55 14 367 232 4 232 4
83 68 53 15 364 231 4 231 4
83 67 51 16 361 230 4 230 4
83 66 49 17 358 229 4 229 4
83 65 47 18 355 228 4 228 4
83 64 45 19 352 227 4 227 4
83 63 43 20 349 226 4 226 4
83 62 41 21 344 226 4 226 4
83 61 39 22 337 229 4 229 4
83 60 37 23 330 232 4 232 4
83 59 35 24 323 235 4 235 4
83 58 33 25 316 238 4 238 4
83 57 31 26 309 241 4 241 4
83 56 29 27 302 244 4 244 4
84 83 82 1 2489 274 29 274 29
84 82 80 2 1336 282 15 282 15
84 81 78 3 940 302 10 300 10
84 80 76 4 752 277 8 277 8
84 79 74 5 663 244 8 244 8
84 78 72 6 566 276 6 270 6
84 77 70 7 491 262 5 262 5
84 76 68 8 498 241 6 241 6
84 75 66 9 460 240 6 240 6
84 74 64 10 440 239 5 239 5
84 73 62 11 426 238 5 238 5
84 72 60 12 297 226 3 226 3
84 71 58 13 390 236 5 236 5
84 70 56 14 292 222 3 222 3
84 69 54 15 369 234 4 234 4
84 68 52 16 366 233 4 233 4
84 67 50 17 363 232 4 232 4
84 66 48 18 360 231 4 231 4
84 65 46 19 357 230 4 230 4
84 64 44 20 354 229 4 229 4
84 63 42 21 146 146 2 146 2
84 62 40 22 343 231 4 231 4
84 61 38 23 336 234 4 234 4
84 60 36 24 307 226 4 219 4
84 59 34 25 322 240 4 240 4
84 58 32 26 315 243 4 243 4
84 57 30 27 308 246 4 246 4
85 84 83 1 2544 303 29 303 29
85 83 81 2 1373 250 16 250 16
85 82 79 3 986 249 12 249 12
85 81 77 4 787 248 9 248 9
85 80 75 5 658 283 7 278 8
85 79 73 6 599 246 7 246 7
85 78 71 7 538 245 6 245 6
85 77 69 8 507 244 6 244 6
85 76 67 9 470 243 6 243 6
85 75 65 10 447 242 5 242 5
85 74 63 11 433 241 5 241 5
85 73 61 12 419 240 5 240 5
85 72 59 13 398 239 5 239 5
85 71 57 14 377 238 4 238 4
85 70 55 15 374 237 4 237 4
85 69 53 16 371 236 4 236 4
85 68 51 17 302 202 3 202 3
85 67 49 18 365 234 4 234 4
85 66 47 19 362 233 4 233 4
85 65 45 20 359 232 4 232 4
85 64 43 21 356 231 4 231 4
85 63 41 22 349 233 4 233 4
85 62 39 23 342 236 4 236 4
85 61 37 24 335 239 4 239 4
85 60 35 25 328 242 4 242 4
85 59 33 26 321 245 4 245 4
85 58 31 27 314 248 4 248 4
85 57 29 28 307 251 3 251 3
86 85 84 1 2606 281 30 280 30
86 84 82 2 1391 313 15 312 15
86 83 80 3 1007 252 12 252 12
86 82 78 4 805 251 10 251 10
86 81 76 5 689 250 8 250 8
86 80 74 6 610 249 7 249 7
86 79 72 7 550 248 7 248 7
86 78 70 8 516 247 6 247 6
86 77 68 9 480 246 6 246 6
86 76 66 10 454 245 5 245 5
86 75 64 11 440 244 5 244 5
86 74 62 12 426 243 5 243 5
86 73 60 13 406 242 5 242 5
86 72 58 14 385 241 5 241 5
86 71 56 15 379 240 4 240 4
86 70 54 16 376 239 4 239 4
86 69 52 17 373 238 4 238 4
86 68 50 18 370 237 4 237 4
86 67 48 19 367 236 4 236 4
86 66 46 20 364 235 4 235 4
86 65 44 21 361 234 4 234 4
86 64 42 22 355 235 4 235 4
86 63 40 23 348 238 4 238 4
86 62 38 24 341 241 4 241 4
86 61 36 25 334 244 4 244 4
86 60 34 26 327 247 4 247 4
86 59 32 27 320 250 4 250 4
86 58 30 28 313 253 4 253 4
87 86 85 1 2665 284 30 284 30
87 85 83 2 1437 256 17 256 17
87 84 81 3 1018 295 11 292 11
87 83 79 4 823 254 10 254 10
87 82 77 5 702 253 8 253 8
87 81 75 6 621 252 7 252 7
87 80 73 7 562 251 7 251 7
87 79 71 8 525 250 6 250 6
87 78 69 9 490 249 6 249 6
87 77 67 10 461 248 5 248 5
87 76 65 11 447 247 5 247 5
87 75 63 12 433 246 5 246 5
87 74 61 13 414 245 5 245 5
87 73 59 14 393 244 5 244 5
87 72 57 15 384 243 4 243 4
87 71 55 16 381 242 4 242 4
87 70 53 17 378 241 4 241 4
87 69 51 18 375 240 4 240 4
87 68 49 19 372 239 4 239 4
87 67 47 20 369 238 4 238 4
87 66 45 21 366 237 4 237 4
87 65 43 22 361 237 4 237 4
87 64 41 23 354 240 4 240 4
87 63 39 24 347 243 4 243 4
87 62 37 25 340 246 4 246 4
87 61 35 26 333 249 4 249 4
87 60 33 27 326 252 4 252 4
87 59 31 28 319 255 4 255 4
88 87 86 1 2722 314 30 314 30
88 86 84 2 1462 298 16 296 17
88 85 82 3 1049 258 12 258 12
88 84 80 4 807 312 8 309 8
88 83 78 5 715 256 8 256 8
88 82 76 6 632 255 7 255 7
88 81 74 7 574 254 7 254 7
88 80 72 8 504 283 5 276 6
88 79 70 9 500 252 6 252 6
88 78 68 10 468 251 5 251 5
88 77 66 11 412 261 4 257 5
88 76 64 12 440 249 5 249 5
88 75 62 13 422 248 5 248 5
88 74 60 14 401 247 5 247 5
88 73 58 15 389 246 4 246 4
88 72 56 16 386 245 4 245 4
88 71 54 17 383 244 4 244 4
88 70 52 18 380 243 4 243 4
88 69 50 19 377 242 4 242 4
88 68 48 20 374 241 4 241 4
88 67 46 21 371 240 4 240 4
88 66 44 22 153 153 2 153 2
88 65 42 23 360 242 4 242 4
88 64 40 24 353 245 4 245 4
88 63 38 25 346 248 4 248 4
88 62 36 26 339 251 4 251 4
88 61 34 27 332 254 4 254 4
88 60 32 28 325 257 4 257 4
88 59 30 29 318 260 3 260 3
89 88 87 1 2786 291 31 290 31
89 87 85 2 1499 262 17 262 17
89 86 83 3 1070 261 12 261 12
89 85 81 4 859 260 10 260 10
89 84 79 5 728 259 8 259 8
89 83 77 6 643 258 7 258 7
89 82 75 7 586 257 7 257 7
89 81 73 8 543 256 6 256 6
89 80 71 9 510 255 6 255 6
89 79 69 10 475 254 5 254 5
89 78 67 11 461 253 5 253 5
89 77 65 12 447 252 5 252 5
89 76 63 13 430 251 5 251 5
89 75 61 14 409 250 5 250 5
89 74 59 15 394 249 4 249 4
89 73 57 16 391 248 4 248 4
89 72 55 17 388 247 4 247 4
89 71 53 18 385 246 4 246 4
89 70 51 19 382 245 4 245 4
89 69 49 20 379 244 4 244 4
89 68 47 21 376 243 4 243 4
89 67 45 22 373 242 4 242 4
89 66 43 23 366 244 4 244 4
89 65 41 24 359 247 4 247 4
89 64 39 25 352 250 4 250 4
89 63 37 26 345 253 4 253 4
89 62 35 27 338 256 4 256 4
89 61 33 28 331 259 4 259 4
89 60 31 29 324 262 4 262 4
90 89 88 1 2847 294 31 294 31
90 88 86 2 1522 303 16 303 16
90 87 84 3 1077 302 11 302 11
90 86 82 4 876 263 10 263 10
90 85 80 5 715 294 7 294 7
90 84 78 6 622 289 6 289 6
90 83 76 7 598 260 7 260 7
90 82 74 8 552 259 6 259 6
90 81 72 9 436 284 4 277 4
90 80 70 10 426 267 4 267 4
90 79 68 11 468 256 5 256 5
90 78 66 12 454 255 5 255 5
90 77 64 13 438 254 5 254 5
90 76 62 14 417 253 5 253 5
90 75 60 15 313 238 3 238 3
90 74 58 16 396 251 4 251 4
90 73 56 17 393 250 4 250 4
90 72 54 18 320 214 3 214 3
90 71 52 19 387 248 4 248 4
90 70 50 20 384 247 4 247 4
90 69 48 21 381 246 4 246 4
90 68 46 22 378 245 4 245 4
90 67 44 23 372 246 4 246 4
90 66 42 24 365 249 4 249 4
90 65 40 25 358 252 4 252 4
90 64 38 26 351 255 4 255 4
90 63 36 27 344 258 4 258 4
90 62 34 28 337 261 4 261 4
90 61 32 29 330 264 4 264 4
91 90 89 1 2906 325 31 325 31
91 89 87 2 1561 268 17 268 17
91 88 85 3 1112 267 12 267 12
91 87 83 4 893 266 10 266 10
91 86 81 5 754 265 8 265 8
91 85 79 6 665 264 7 264 7
91 84 77 7 546 303 5 297 5
91 83 75 8 561 262 6 262 6
91 82 73 9 530 261 6 261 6
91 81 71 10 489 260 5 260 5
91 80 69 11 475 259 5 259 5
91 79 67 12 461 258 5 258 5
91 78 65 13 322 245 3 245 3
91 77 63 14 425 256 5 256 5
91 76 61 15 404 255 4 255 4
91 75 59 16 401 254 4 254 4
91 74 57 17 398 253 4 253 4
91 73 55 18 395 252 4 252 4
91 72 53 19 392 251 4 251 4
91 71 51 20 389 250 4 250 4
91 70 49 21 386 249 4 249 4
91 69 47 22 383 248 4 248 4
91 68 45 23 378 248 4 248 4
91 67 43 24 371 251 4 251 4
91 66 41 25 364 254 4 254 4
91 65 39 26 333 245 4 238 4
91 64 37 27 350 260 4 260 4
91 63 35 28 343 263 4 263 4
91 62 33 29 336 266 4 266 4
91 61 31 30 329 269 3 269 3
92 91 90 1 2972 301 32 300 32
92 90 88 2 1581 336 16 335 16
92 89 86 3 1136 270 13 270 13
92 88 84 4 896 311 9 307 9
92 87 82 5 770 268 9 268 9
92 86 80 6 679 267 8 267 8
92 85 78 7 622 266 7 266 7
92 84 76 8 570 265 6 265 6
92 83 74 9 539 264 6 264 6
92 82 72 10 499 263 6 263 6
92 81 70 11 482 262 5 262 5
92 80 68 12 468 261 5 261 5
92 79 66 13 454 260 5 260 5
92 78 64 14 433 259 5 259 5
92 77 62 15 412 258 5 258 5
92 76 60 16 406 257 4 257 4
92 75 58 17 403 256 4 256 4
92 74 56 18 400 255 4 255 4
92 73 54 19 397 254 4 254 4
92 72 52 20 394 253 4 253 4
92 71 50 21 391 252 4 252 4
92 70 48 22 388 251 4 251 4
92 69 46 23 160 160 2 160 2
92 68 44 24 377 253 4 253 4
92 67 42 25 370 256 4 256 4
92 66 40 26 363 259 4 259 4
92 65 38 27 356 262 4 262 4
92 64 36 28 349 265 4 265 4
92 63 34 29 342 268 4 268 4
92 62 32 30 335 271 4 271 4
93 92 91 1 3035 304 32 304 32
93 91 89 2 1629 274 18 274 18
93 90 87 3 1136 337 11 335 11
93 89 85 4 927 272 10 272 10
93 88 83 5 786 271 9 271 9
93 87 81 6 693 270 8 270 8
93 86 79 7 633 269 7 269 7
93 85 77 8 579 268 6 268 6
93 84 75 9 548 267 6 267 6
93 83 73 10 509 266 6 266 6
93 82 71 11 489 265 5 265 5
93 81 69 12 475 264 5 264 5
93 80 67 13 461 263 5 263 5
93 79 65 14 441 262 5 262 5
93 78 63 15 420 261 5 261 5
93 77 61 16 411 260 4 260 4
93 76 59 17 408 259 4 259 4
93 75 57 18 405 258 4 258 4
93 74 55 19 402 257 4 257 4
93 73 53 20 399 256 4 256 4
93 72 51 21 396 255 4 255 4
93 71 49 22 393 254 4 254 4
93 70 47 23 390 253 4 253 4
93 69 45 24 383 255 4 255 4
93 68 43 25 376 258 4 258 4
93 67 41 26 369 261 4 261 4
93 66 39 27 362 264 4 264 4
93 65 37 28 355 267 4 267 4
93 64 35 29 348 270 4 270 4
93 63 33 30 341 273 4 273 4
94 93 92 1 3096 336 32 336 32
94 92 90 2 1656 319 17 317 17
94 91 88 3 1184 276 13 276 13
94 90 86 4 944 275 10 275 10
94 89 84 5 802 274 9 274 9
94 88 82 6 707 273 8 273 8
94 87 80 7 644 272 7 272 7
94 86 78 8 588 271 6 271 6
94 85 76 9 557 270 6 270 6
94 84 74 10 519 269 6 269 6
94 83 72 11 496 268 5 268 5
94 82 70 12 482 267 5 267 5
94 81 68 13 468 266 5 266 5
94 80 66 14 449 265 5 265 5
94 79 64 15 428 264 5 264 5
94 78 62 16 416 263 4 263 4
94 77 60 17 413 262 4 262 4
94 76 58 18 410 261 4 261 4
94 75 56 19 407 260 4 260 4
94 74 54 20 404 259 4 259 4
94 73 52 21 401 258 4 258 4
94 72 50 22 398 257 4 257 4
94 71 48 23 395 256 4 256 4
94 70 46 24 389 257 4 257 4
94 69 44 25 382 260 4 260 4
94 68 42 26 375 263 4 263 4
94 67 40 27 368 266 4 266 4
94 66 38 28 361 269 4 269 4
94 65 36 29 354 272 4 272 4
94 64 34 30 347 275 4 275 4
94 63 32 31 340 278 3 278 3
95 94 93 1 3164 311 33 310 33
95 93 91 2 1695 280 18 280 18
95 92 89 3 1207 279 13 279 13
95 91 87 4 961 278 10 278 10
95 90 85 5 774 333 7 329 7
95 89 83 6 721 276 8 276 8
95 88 81 7 655 275 7 275 7
95 87 79 8 597 274 6 274 6
95 86 77 9 566 273 6 273 6
95 85 75 10 529 272 6 272 6
95 84 73 11 503 271 5 271 5
95 83 71 12 489 270 5 270 5
95 82 69 13 475 269 5 269 5
95 81 67 14 457 268 5 268 5
95 80 65 15 436 267 5 267 5
95 79 63 16 421 266 4 266 4
95 78 61 17 418 265 4 265 4
95 77 59 18 415 264 4 264 4
95 76 57 19 338 226 3 226 3
95 75 55 20 409 262 4 262 4
95 74 53 21 406 261 4 261 4
95 73 51 22 403 260 4 260 4
95 72 49 23 400 259 4 259 4
95 71 47 24 395 259 4 259 4
95 70 45 25 388 262 4 262 4
95 69 43 26 381 265 4 265 4
95 68 41 27 374 268 4 268 4
95 67 39 28 367 271 4 271 4
95 66 37 29 360 274 4 274 4
95 65 35 30 353 277 4 277 4
95 64 33 31 346 280 4 280 4
96 95 94 1 3229 314 33 314 33
96 94 92 2 1720 324 17 324 17
96 93 90 3 1220 327 12 324 12
96 92 88 4 958 320 9 320 9
96 91 86 5 834 280 9 280 9
96 90 84 6 681 330 6 325 6
96 89 82 7 666 278 7 278 7
96 88 80 8 562 300 5 300 5
96 87 78 9 575 276 6 276 6
96 86 76 10 539 275 6 275 6
96 85 74 11 510 274 5 274 5
96 84 72 12 450 285 4 284 5
96 83 70 13 482 272 5 272 5
96 82 68 14 465 271 5 271 5
96 81 66 15 444 270 5 270 5
96 80 64 16 334 254 3 254 3
96 79 62 17 423 268 4 268 4
96 78 60 18 420 267 4 267 4
96 77 58 19 417 266 4 266 4
96 76 56 20 414 265 4 265 4
96 75 54 21 411 264 4 264 4
96 74 52 22 408 263 4 263 4
96 73 50 23 405 262 4 262 4
96 72 48 24 167 167 2 167 2
96 71 46 25 394 264 4 264 4
96 70 44 26 387 267 4 267 4
96 69 42 27 380 270 4 270 4
96 68 40 28 373 273 4 273 4
96 67 38 29 366 276 4 276 4
96 66 36 30 359 279 4 279 4
96 65 34 31 352 282 4 282 4
97 96 95 1 3292 347 33 347 33
97 95 93 2 1761 286 18 286 18
97 94 91 3 1253 285 13 285 13
97 93 89 4 995 284 10 284 10
97 92 87 5 849 283 9 283 9
97 91 85 6 749 282 8 282 8
97 90 83 7 677 281 7 281 7
97 89 81 8 615 280 6 280 6
97 88 79 9 584 279 6 279 6
97 87 77 10 549 278 6 278 6
97 86 75 11 517 277 5 277 5
97 85 73 12 503 276 5 276 5
97 84 71 13 489 275 5 275 5
97 83 69 14 473 274 5 274 5
97 82 67 15 452 273 5 273 5
97 81 65 16 431 272 4 272 4
97 80 63 17 428 271 4 271 4
97 79 61 18 425 270 4 270 4
97 78 59 19 422 269 4 269 4
97 77 57 20 419 268 4 268 4
97 76 55 21 416 267 4 267 4
97 75 53 22 413 266 4 266 4
97 74 51 23 410 265 4 265 4
97 73 49 24 407 264 4 264 4
97 72 47 25 400 266 4 266 4
97 71 45 26 393 269 4 269 4
97 70 43 27 386 272 4 272 4
97 69 41 28 379 275 4 275 4
97 68 39 29 372 278 4 278 4
97 67 37 30 365 281 4 281 4
97 66 35 31 358 284 4 284 4
97 65 33 32 351 287 3 287 3
98 97 96 1 3362 321 34 320 34
98 96 94 2 1783 359 17 358 17
98 95 92 3 1276 288 13 288 13
98 94 90 4 1015 287 11 287 11
98 93 88 5 864 286 9 286 9
98 92 86 6 762 285 8 285 8
98 91 84 7 662 323 6 317 7
98 90 82 8 627 283 7 283 7
98 89 80 9 593 282 6 282 6
98 88 78 10 559 281 6 281 6
98 87 76 11 524 280 5 280 5
98 86 74 12 510 279 5 279 5
98 85 72 13 496 278 5 278 5
98 84 70 14 347 264 3 264 3
98 83 68 15 460 276 5 276 5
98 82 66 16 439 275 5 275 5
98 81 64 17 433 274 4 274 4
98 80 62 18 430 273 4 273 4
98 79 60 19 427 272 4 272 4
98 78 58 20 424 271 4 271 4
98 77 56 21 421 270 4 270 4
98 76 54 22 418 269 4 269 4
98 75 52 23 415 268 4 268 4
98 74 50 24 412 267 4 267 4
98 73 48 25 406 268 4 268 4
98 72 46 26 399 271 4 271 4
98 71 44 27 392 274 4 274 4
98 70 42 28 359 264 4 257 4
98 69 40 29 378 280 4 280 4
98 68 38 30 371 283 4 283 4
98 67 36 31 364 286 4 286 4
98 66 34 32 357 289 4 289 4
99 98 97 1 3429 324 34 324 34
99 97 95 2 1833 292 19 292 19
99 96 93 3 1285 334 12 334 12
99 95 91 4 1035 290 11 290 11
99 94 89 5 879 289 9 289 9
99 93 87 6 775 288 8 288 8
99 92 85 7 699 287 7 287 7
99 91 83 8 639 286 7 286 7
99 90 81 9 568 319 5 312 6
99 89 79 10 569 284 6 284 6
99 88 77 11 469 294 4 294 4
99 87 75 12 517 282 5 282 5
99 86 73 13 503 281 5 281 5
99 85 71 14 489 280 5 280 5
99 84 69 15 468 279 5 279 5
99 83 67 16 447 278 5 278 5
99 82 65 17 438 277 4 277 4
99 81 63 18 435 276 4 276 4
99 80 61 19 432 275 4 275 4
99 79 59 20 429 274 4 274 4
99 78 57 21 426 273 4 273 4
99 77 55 22 423 272 4 272 4
99 76 53 23 420 271 4 271 4
99 75 51 24 417 270 4 270 4
99 74 49 25 412 270 4 270 4
99 73 47 26 405 273 4 273 4
99 72 45 27 398 276 4 276 4
99 71 43 28 391 279 4 279 4
99 70 41 29 384 282 4 282 4
99 69 39 30 377 285 4 285 4
99 68 37 31 370 288 4 288 4
99 67 35 32 363 291 4 291 4
100 99 98 1 3494 358 34 358 34
100 98 96 2 1862 340 18 338 18
100 97 94 3 1322 294 13 294 13
100 96 92 4 1021 359 9 356 9
100 95 90 5 876 337 8 333 9
100 94 88 6 788 291 8 291 8
100 93 86 7 710 290 7 290 7
100 92 84 8 651 289 7 289 7
100 91 82 9 611 288 6 288 6
100 90 80 10 485 316 4 309 4
100 89 78 11 538 286 5 286 5
100 88 76 12 524 285 5 285 5
100 87 74 13 510 284 5 284 5
100 86 72 14 496 283 5 283 5
100 85 70 15 476 282 5 282 5
100 84 68 16 455 281 5 281 5
100 83 66 17 443 280 4 280 4
100 82 64 18 440 279 4 279 4
100 81 62 19 437 278 4 278 4
100 80 60 20 356 238 3 238 3
100 79 58 21 431 276 4 276 4
100 78 56 22 428 275 4 275 4
100 77 54 23 425 274 4 274 4
100 76 52 24 422 273 4 273 4
100 75 50 25 174 174 2 174 2
100 74 48 26 411 275 4 275 4
100 73 46 27 404 278 4 278 4
100 72 44 28 397 281 4 281 4
100 71 42 29 390 284 4 284 4
100 70 40 30 383 287 4 287 4
100 69 38 31 376 290 4 290 4
100 68 36 32 369 293 4 293 4
100 67 34 33 362 296 3 296 3
101 100 99 1 3566 331 35 330 35
101 99 97 2 1903 298 19 298 19
101 98 95 3 1348 297 14 297 14
101 97 93 4 1075 296 11 296 11
101 96 91 5 909 295 9 295 9
101 95 89 6 801 294 8 294 8
101 94 87 7 721 293 7 293 7
101 93 85 8 663 292 7 292 7
101 92 83 9 620 291 6 291 6
101 91 81 10 589 290 6 290 6
101 90 79 11 548 289 6 289 6
101 89 77 12 531 288 5 288 5
101 88 75 13 517 287 5 287 5
101 87 73 14 503 286 5 286 5
101 86 71 15 484 285 5 285 5
101 85 69 16 463 284 5 284 5
101 84 67 17 448 283 4 283 4
101 83 65 18 445 282 4 282 4
101 82 63 19 442 281 4 281 4
101 81 61 20 439 280 4 280 4
101 80 59 21 436 279 4 279 4
101 79 57 22 433 278 4 278 4
101 78 55 23 430 277 4 277 4
101 77 53 24 427 276 4 276 4
101 76 51 25 424 275 4 275 4
101 75 49 26 417 277 4 277 4
101 74 47 27 410 280 4 280 4
101 73 45 28 403 283 4 283 4
101 72 43 29 396 286 4 286 4
101 71 41 30 389 289 4 289 4
101 70 39 31 382 292 4 292 4
101 69 37 32 375 295 4 295 4
101 68 35 33 368 298 4 298 4
102 101 100 1 3635 334 35 334 35
102 100 98 2 1930 345 18 345 18
102 99 96 3 1350 372 12 370 12
102 98 94 4 1094 299 11 299 11
102 97 92 5 924 298 9 298 9
102 96 90 6 792 341 7 336 8
102 95 88 7 732 296 7 296 7
102 94 86 8 675 295 7 295 7
102 93 84 9 629 294 6 294 6
102 92 82 10 598 293 6 293 6
102 91 80 11 558 292 6 292 6
102 90 78 12 538 291 5 291 5
102 89 76 13 524 290 5 290 5
102 88 74 14 510 289 5 289 5
102 87 72 15 492 288 5 288 5
102 86 70 16 471 287 5 287 5
102 85 68 17 355 270 3 270 3
102 84 66 18 450 285 4 285 4
102 83 64 19 447 284 4 284 4
102 82 62 20 444 283 4 283 4
102 81 60 21 441 282 4 282 4
102 80 58 22 438 281 4 281 4
102 79 56 23 435 280 4 280 4
102 78 54 24 432 279 4 279 4
102 77 52 25 429 278 4 278 4
102 76 50 26 423 279 4 279 4
102 75 48 27 416 282 4 282 4
102 74 46 28 409 285 4 285 4
102 73 44 29 402 288 4 288 4
102 72 42 30 395 291 4 291 4
102 71 40 31 388 294 4 294 4
102 70 38 32 381 297 4 297 4
102 69 36 33 374 300 4 300 4
103 102 101 1 3702 369 35 369 35
103 101 99 2 1973 304 19 304 19
103 100 97 3 1400 303 14 303 14
103 99 95 4 1113 302 11 302 11
103 98 93 5 939 301 9 301 9
103 97 91 6 827 300 8 300 8
103 96 89 7 743 299 7 299 7
103 95 87 8 687 298 7 298 7
103 94 85 9 638 297 6 297 6
103 93 83 10 607 296 6 296 6
103 92 81 11 568 295 6 295 6
103 91 79 12 545 294 5 294 5
103 90 77 13 531 293 5 293 5
103 89 75 14 517 292 5 292 5
103 88 73 15 500 291 5 291 5
103 87 71 16 479 290 5 290 5
103 86 69 17 458 289 4 289 4
103 85 67 18 455 288 4 288 4
103 84 65 19 452 287 4 287 4
103 83 63 20 449 286 4 286 4
103 82 61 21 446 285 4 285 4
103 81 59 22 443 284 4 284 4
103 80 57 23 440 283 4 283 4
103 79 55 24 437 282 4 282 4
103 78 53 25 434 281 4 281 4
103 77 51 26 429 281 4 281 4
103 76 49 27 422 284 4 284 4
103 75 47 28 415 287 4 287 4
103 74 45 29 408 290 4 290 4
103 73 43 30 401 293 4 293 4
103 72 41 31 394 296 4 296 4
103 71 39 32 387 299 4 299 4
103 70 37 33 380 302 4 302 4
103 69 35 34 373 305 3 305 3
104 103 102 1 3776 341 36 340 36
104 102 100 2 1997 382 18 381 18
104 101 98 3 1425 306 14 306 14
104 100 96 4 1118 354 10 351 10
104 99 94 5 954 304 9 304 9
104 98 92 6 840 303 8 303 8
104 97 90 7 754 302 7 302 7
104 96 88 8 625 347 5 342 5
104 95 86 9 647 300 6 300 6
104 94 84 10 616 299 6 299 6
104 93 82 11 578 298 6 298 6
104 92 80 12 552 297 5 297 5
104 91 78 13 488 309 4 307 5
104 90 76 14 524 295 5 295 5
104 89 74 15 508 294 5 294 5
104 88 72 16 487 293 5 293 5
104 87 70 17 466 292 5 292 5
104 86 68 18 460 291 4 291 4
104 85 66 19 457 290 4 290 4
104 84 64 20 454 289 4 289 4
104 83 62 21 451 288 4 288 4
104 82 60 22 448 287 4 287 4
104 81 58 23 445 286 4 286 4
104 80 56 24 442 285 4 285 4
104 79 54 25 439 284 4 284 4
104 78 52 26 181 181 2 181 2
104 77 50 27 428 286 4 286 4
104 76 48 28 421 289 4 289 4
104 75 46 29 414 292 4 292 4
104 74 44 30 407 295 4 295 4
104 73 42 31 400 298 4 298 4
104 72 40 32 393 301 4 301 4
104 71 38 33 386 304 4 304 4
104 70 36 34 379 307 4 307 4
105 104 103 1 3847 344 36 344 36
105 103 101 2 2049 310 20 310 20
105 102 99 3 1440 359 13 356 13
105 101 97 4 1151 308 11 308 11
105 100 95 5 943 348 8 348 8
105 99 93 6 853 306 8 306 8
105 98 91 7 727 338 6 338 6
105 97 89 8 711 304 7 304 7
105 96 87 9 656 303 6 303 6
105 95 85 10 625 302 6 302 6
105 94 83 11 588 301 6 301 6
105 93 81 12 559 300 5 300 5
105 92 79 13 545 299 5 299 5
105 91 77 14 531 298 5 298 5
105 90 75 15 372 283 3 283 3
105 89 73 16 495 296 5 296 5
105 88 71 17 474 295 5 295 5
105 87 69 18 465 294 4 294 4
105 86 67 19 462 293 4 293 4
105 85 65 20 459 292 4 292 4
105 84 63 21 374 250 3 250 3
105 83 61 22 453 290 4 290 4
105 82 59 23 450 289 4 289 4
105 81 57 24 447 288 4 288 4
105 80 55 25 444 287 4 287 4
105 79 53 26 441 286 4 286 4
105 78 51 27 434 288 4 288 4
105 77 49 28 427 291 4 291 4
105 76 47 29 420 294 4 294 4
105 75 45 30 385 283 4 275 4
105 74 43 31 406 300 4 300 4
105 73 41 32 399 303 4 303 4
105 72 39 33 392 306 4 306 4
105 71 37 34 385 309 4 309 4
106 105 104 1 3916 380 36 380 36
106 104 102 2 2080 361 19 359 19
106 103 100 3 1475 312 14 312 14
106 102 98 4 1170 311 11 311 11
106 101 96 5 984 310 9 310 9
106 100 94 6 866 309 8 309 8
106 99 92 7 776 308 7 308 7
106 98 90 8 722 307 7 307 7
106 97 88 9 665 306 6 306 6
106 96 86 10 634 305 6 305 6
106 95 84 11 598 304 6 304 6
106 94 82 12 566 303 5 303 5
106 93 80 13 552 302 5 302 5
106 92 78 14 538 301 5 301 5
106 91 76 15 524 300 5 300 5
106 90 74 16 503 299 5 299 5
106 89 72 17 482 298 5 298 5
106 88 70 18 470 297 4 297 4
106 87 68 19 467 296 4 296 4
106 86 66 20 464 295 4 295 4
106 85 64 21 461 294 4 294 4
106 84 62 22 458 293 4 293 4
106 83 60 23 455 292 4 292 4
106 82 58 24 452 291 4 291 4
106 81 56 25 449 290 4 290 4
106 80 54 26 446 289 4 289 4
106 79 52 27 440 290 4 290 4
106 78 50 28 433 293 4 293 4
106 77 48 29 426 296 4 296 4
106 76 46 30 419 299 4 299 4
106 75 44 31 412 302 4 302 4
106 74 42 32 405 305 4 305 4
106 73 40 33 398 308 4 308 4
106 72 38 34 391 311 4 311 4
106 71 36 35 384 314 3 314 3
107 106 105 1 3992 351 37 350 38
107 105 103 2 2123 316 20 316 20
107 104 101 3 1500 315 14 315 14
107 103 99 4 1189 314 11 314 11
107 102 97 5 1002 313 10 313 10
107 101 95 6 879 312 8 312 8
107 100 93 7 790 311 8 311 8
107 99 91 8 733 310 7 310 7
107 98 89 9 674 309 6 309 6
107 97 87 10 643 308 6 308 6
107 96 85 11 608 307 6 307 6
107 95 83 12 573 306 5 306 5
107 94 81 13 559 305 5 305 5
107 93 79 14 545 304 5 304 5
107 92 77 15 531 303 5 303 5
107 91 75 16 511 302 5 302 5
107 90 73 17 490 301 5 301 5
107 89 71 18 475 300 4 300 4
107 88 69 19 472 299 4 299 4
107 87 67 20 469 298 4 298 4
107 86 65 21 466 297 4 297 4
107 85 63 22 463 296 4 296 4
107 84 61 23 460 295 4 295 4
107 83 59 24 457 294 4 294 4
107 82 57 25 454 293 4 293 4
107 81 55 26 451 292 4 292 4
107 80 53 27 446 292 4 292 4
107 79 51 28 439 295 4 295 4
107 78 49 29 432 298 4 298 4
107 77 47 30 425 301 4 301 4
107 76 45 31 418 304 4 304 4
107 75 43 32 411 307 4 307 4
107 74 41 33 404 310 4 310 4
107 73 39 34 397 313 4 313 4
107 72 37 35 390 316 4 316 4
108 107 106 1 4065 354 37 354 37
108 106 104 2 2152 366 19 366 19
108 105 102 3 1511 366 13 366 13
108 104 100 4 1188 363 10 363 10
108 103 98 5 1020 316 10 316 10
108 102 96 6 860 354 7 354 7
108 101 94 7 804 314 8 314 8
108 100 92 8 744 313 7 313 7
108 99 90 9 633 338 5 338 5
108 98 88 10 652 311 6 311 6
108 97 86 11 618 310 6 310 6
108 96 84 12 512 321 4 321 4
108 95 82 13 566 308 5 308 5
108 94 80 14 552 307 5 307 5
108 93 78 15 538 306 5 306 5
108 92 76 16 519 305 5 305 5
108 91 74 17 498 304 5 304 5
108 90 72 18 376 286 3 286 3
108 89 70 19 477 302 4 302 4
108 88 68 20 474 301 4 301 4
108 87 66 21 471 300 4 300 4
108 86 64 22 468 299 4 299 4
108 85 62 23 465 298 4 298 4
108 84 60 24 462 297 4 297 4
108 83 58 25 459 296 4 296 4
108 82 56 26 456 295 4 295 4
108 81 54 27 188 188 2 188 2
108 80 52 28 445 297 4 297 4
108 79 50 29 438 300 4 300 4
108 78 48 30 431 303 4 303 4
108 77 46 31 424 306 4 306 4
108 76 44 32 417 309 4 309 4
108 75 42 33 410 312 4 312 4
108 74 40 34 403 315 4 315 4
108 73 38 35 396 318 4 318 4
109 108 107 1 4136 391 37 391 37
109 107 105 2 2197 322 20 322 20
109 106 103 3 1550 321 14 321 14
109 105 101 4 1227 320 11 320 11
109 104 99 5 1038 319 10 319 10
109 103 97 6 905 318 8 318 8
109 102 95 7 818 317 8 317 8
109 101 93 8 755 316 7 316 7
109 100 91 9 692 315 6 315 6
109 99 89 10 661 314 6 314 6
109 98 87 11 628 313 6 313 6
109 97 85 12 587 312 5 312 5
109 96 83 13 573 311 5 311 5
109 95 81 14 559 310 5 310 5
109 94 79 15 545 309 5 309 5
109 93 77 16 527 308 5 308 5
109 92 75 17 506 307 5 307 5
109 91 73 18 485 306 4 306 4
109 90 71 19 482 305 4 305 4
109 89 69 20 479 304 4 304 4
109 88 67 21 476 303 4 303 4
109 87 65 22 473 302 4 302 4
109 86 63 23 470 301 4 301 4
109 85 61 24 467 300 4 300 4
109 84 59 25 464 299 4 299 4
109 83 57 26 461 298 4 298 4
109 82 55 27 458 297 4 297 4
109 81 53 28 451 299 4 299 4
109 80 51 29 444 302 4 302 4
109 79 49 30 437 305 4 305 4
109 78 47 31 430 308 4 308 4
109 77 45 32 423 311 4 311 4
109 76 43 33 416 314 4 314 4
109 75 41 34 409 317 4 317 4
109 74 39 35 402 320 4 320 4
109 73 37 36 395 323 3 323 3
110 109 108 1 4214 361 38 360 38
110 108 106 2 2223 405 19 404 19
110 107 104 3 1578 324 15 324 15
110 106 102 4 1249 323 12 323 12
110 105 100 5 1012 392 8 388 8
110 104 98 6 921 321 9 321 9
110 103 96 7 832 320 8 320 8
110 102 94 8 766 319 7 319 7
110 101 92 9 704 318 7 318 7
110 100 90 10 632 355 5 347 6
110 99 88 11 534 348 4 339 4
110 98 86 12 597 315 6 315 6
110 97 84 13 580 314 5 314 5
110 96 82 14 566 313 5 313 5
110 95 80 15 552 312 5 312 5
110 94 78 16 535 311 5 311 5
110 93 76 17 514 310 5 310 5
110 92 74 18 493 309 5 309 5
110 91 72 19 487 308 4 308 4
110 90 70 20 484 307 4 307 4
110 89 68 21 481 306 4 306 4
110 88 66 22 392 262 3 262 3
110 87 64 23 475 304 4 304 4
110 86 62 24 472 303 4 303 4
110 85 60 25 469 302 4 302 4
110 84 58 26 466 301 4 301 4
110 83 56 27 463 300 4 300 4
110 82 54 28 457 301 4 301 4
110 81 52 29 450 304 4 304 4
110 80 50 30 443 307 4 307 4
110 79 48 31 436 310 4 310 4
110 78 46 32 429 313 4 313 4
110 77 44 33 422 316 4 316 4
110 76 42 34 415 319 4 319 4
110 75 40 35 408 322 4 322 4
110 74 38 36 401 325 4 325 4
111 110 109 1 4289 364 38 364 38
111 109 107 2 2277 328 21 328 21
111 108 105 3 1582 407 13 405 13
111 107 103 4 1271 326 12 326 12
111 106 101 5 1074 325 10 325 10
111 105 99 6 937 324 9 324 9
111 104 97 7 846 323 8 323 8
111 103 95 8 777 322 7 322 7
111 102 93 9 716 321 7 321 7
111 101 91 10 679 320 6 320 6
111 100 89 11 648 319 6 319 6
111 99 87 12 607 318 6 318 6
111 98 85 13 587 317 5 317 5
111 97 83 14 573 316 5 316 5
111 96 81 15 559 315 5 315 5
111 95 79 16 543 314 5 314 5
111 94 77 17 522 313 5 313 5
111 93 75 18 501 312 5 312 5
111 92 73 19 492 311 4 311 4
111 91 71 20 489 310 4 310 4
111 90 69 21 486 309 4 309 4
111 89 67 22 483 308 4 308 4
111 88 65 23 480 307 4 307 4
111 87 63 24 477 306 4 306 4
111 86 61 25 474 305 4 305 4
111 85 59 26 471 304 4 304 4
111 84 57 27 468 303 4 303 4
111 83 55 28 463 303 4 303 4
111 82 53 29 456 306 4 306 4
111 81 51 30 449 309 4 309 4
111 80 49 31 442 312 4 312 4
111 79 47 32 435 315 4 315 4
111 78 45 33 428 318 4 318 4
111 77 43 34 421 321 4 321 4
111 76 41 35 414 324 4 324 4
111 75 39 36 407 327 4 327 4
112 111 110 1 4362 402 38 402 38
112 110 108 2 2310 382 20 380 20
112 109 106 3 1634 330 15 330 15
112 108 104 4 1259 406 10 403 10
112 107 102 5 1091 328 10 328 10
112 106 100 6 953 327 9 327 9
112 105 98 7 796 386 6 381 6
112 104 96 8 758 370 6 364 6
112 103 94 9 728 324 7 324 7
112 102 92 10 688 323 6 323 6
112 101 90 11 657 322 6 322 6
112 100 88 12 617 321 6 321 6
112 99 86 13 594 320 5 320 5
112 98 84 14 526 333 4 333 4
112 97 82 15 566 318 5 318 5
112 96 80 16 397 302 3 302 3
112 95 78 17 530 316 5 316 5
112 94 76 18 509 315 5 315 5
112 93 74 19 497 314 4 314 4
112 92 72 20 494 313 4 313 4
112 91 70 21 491 312 4 312 4
112 90 68 22 488 311 4 311 4
112 89 66 23 485 310 4 310 4
112 88 64 24 482 309 4 309 4
112 87 62 25 479 308 4 308 4
112 86 60 26 476 307 4 307 4
112 85 58 27 473 306 4 306 4
112 84 56 28 195 195 2 195 2
112 83 54 29 462 308 4 308 4
112 82 52 30 455 311 4 311 4
112 81 50 31 448 314 4 314 4
112 80 48 32 411 302 4 293 4
112 79 46 33 434 320 4 320 4
112 78 44 34 427 323 4 323 4
112 77 42 35 420 326 4 326 4
112 76 40 36 413 329 4 329 4
112 75 38 37 406 332 3 332 3
113 112 111 1 4442 371 39 370 39
113 111 109 2 2355 334 21 334 21
113 110 107 3 1661 333 15 333 15
113 109 105 4 1315 332 12 332 12
113 108 103 5 1108 331 10 331 10
113 107 101 6 969 330 9 330 9
113 106 99 7 874 329 8 329 8
113 105 97 8 799 328 7 328 7
113 104 95 9 740 327 7 327 7
113 103 93 10 697 326 6 326 6
113 102 91 11 666 325 6 325 6
113 101 89 12 627 324 6 324 6
113 100 87 13 601 323 5 323 5
113 99 85 14 587 322 5 322 5
113 98 83 15 573 321 5 321 5
113 97 81 16 559 320 5 320 5
113 96 79 17 538 319 5 319 5
113 95 77 18 517 318 5 318 5
113 94 75 19 502 317 4 317 4
113 93 73 20 499 316 4 316 4
113 92 71 21 496 315 4 315 4
113 91 69 22 493 314 4 314 4
113 90 67 23 490 313 4 313 4
113 89 65 24 487 312 4 312 4
113 88 63 25 484 311 4 311 4
113 87 61 26 481 310 4 310 4
113 86 59 27 478 309 4 309 4
113 85 57 28 475 308 4 308 4
113 84 55 29 468 310 4 310 4
113 83 53 30 461 313 4 313 4
113 82 51 31 454 316 4 316 4
113 81 49 32 447 319 4 319 4
113 80 47 33 440 322 4 322 4
113 79 45 34 433 325 4 325 4
113 78 43 35 426 328 4 328 4
113 77 41 36 419 331 4 331 4
113 76 39 37 412 334 4 334 4
114 113 112 1 4519 374 39 374 39
114 112 110 2 2386 387 20 387 20
114 111 108 3 1678 391 14 388 14
114 110 106 4 1336 335 12 335 12
114 109 104 5 1125 334 10 334 10
114 108 102 6 931 401 7 396 7
114 107 100 7 887 332 8 332 8
114 106 98 8 810 331 7 331 7
114 105 96 9 752 330 7 330 7
114 104 94 10 706 329 6 329 6
114 103 92 11 675 328 6 328 6
114 102 90 12 637 327 6 327 6
114 101 88 13 608 326 5 326 5
114 100 86 14 594 325 5 325 5
114 99 84 15 580 324 5 324 5
114 98 82 16 566 323 5 323 5
114 97 80 17 546 322 5 322 5
114 96 78 18 525 321 5 321 5
114 95 76 19 397 302 3 302 3
114 94 74 20 504 319 4 319 4
114 93 72 21 501 318 4 318 4
114 92 70 22 498 317 4 317 4
114 91 68 23 495 316 4 316 4
114 90 66 24 492 315 4 315 4
114 89 64 25 489 314 4 314 4
114 88 62 26 486 313 4 313 4
114 87 60 27 483 312 4 312 4
114 86 58 28 480 311 4 311 4
114 85 56 29 474 312 4 312 4
114 84 54 30 467 315 4 315 4
114 83 52 31 460 318 4 318 4
114 82 50 32 453 321 4 321 4
114 81 48 33 446 324 4 324 4
114 80 46 34 439 327 4 327 4
114 79 44 35 432 330 4 330 4
114 78 42 36 425 333 4 333 4
114 77 40 37 418 336 4 336 4
115 114 113 1 4594 413 39 413 39
115 113 111 2 2433 340 21 340 21
115 112 109 3 1715 339 15 339 15
115 111 107 4 1357 338 12 338 12
115 110 105 5 1124 391 9 387 9
115 109 103 6 1001 336 9 336 9
115 108 101 7 900 335 8 335 8
115 107 99 8 821 334 7 334 7
115 106 97 9 764 333 7 333 7
115 105 95 10 715 332 6 332 6
115 104 93 11 684 331 6 331 6
115 103 91 12 647 330 6 330 6
115 102 89 13 615 329 5 329 5
115 101 87 14 601 328 5 328 5
115 100 85 15 587 327 5 327 5
115 99 83 16 573 326 5 326 5
115 98 81 17 554 325 5 325 5
115 97 79 18 533 324 5 324 5
115 96 77 19 512 323 4 323 4
115 95 75 20 509 322 4 322 4
115 94 73 21 506 321 4 321 4
115 93 71 22 503 320 4 320 4
115 92 69 23 410 274 3 274 3
115 91 67 24 497 318 4 318 4
115 90 65 25 494 317 4 317 4
115 89 63 26 491 316 4 316 4
115 88 61 27 488 315 4 315 4
115 87 59 28 485 314 4 314 4
115 86 57 29 480 314 4 314 4
115 85 55 30 473 317 4 317 4
115 84 53 31 466 320 4 320 4
115 83 51 32 459 323 4 323 4
115 82 49 33 452 326 4 326 4
115 81 47 34 445 329 4 329 4
115 80 45 35 438 332 4 332 4
115 79 43 36 431 335 4 335 4
115 78 41 37 424 338 4 338 4
115 77 39 38 417 341 3 341 3
116 115 114 1 4676 381 40 380 40
116 114 112 2 2461 428 20 427 20
116 113 110 3 1742 342 15 342 15
116 112 108 4 1364 397 11 393 12
116 111 106 5 1159 340 10 340 10
116 110 104 6 1016 339 9 339 9
116 109 102 7 913 338 8 338 8
116 108 100 8 832 337 7 337 7
116 107 98 9 776 336 7 336 7
116 106 96 10 724 335 6 335 6
116 105 94 11 693 334 6 334 6
116 104 92 12 657 333 6 333 6
116 103 90 13 622 332 5 332 5
116 102 88 14 608 331 5 331 5
116 101 86 15 594 330 5 330 5
116 100 84 16 580 329 5 329 5
116 99 82 17 562 328 5 328 5
116 98 80 18 541 327 5 327 5
116 97 78 19 520 326 5 326 5
116 96 76 20 514 325 4 325 4
116 95 74 21 511 324 4 324 4
116 94 72 22 508 323 4 323 4
116 93 70 23 505 322 4 322 4
116 92 68 24 502 321 4 321 4
116 91 66 25 499 320 4 320 4
116 90 64 26 496 319 4 319 4
116 89 62 27 493 318 4 318 4
116 88 60 28 490 317 4 317 4
116 87 58 29 202 202 2 202 2
116 86 56 30 479 319 4 319 4
116 85 54 31 472 322 4 322 4
116 84 52 32 465 325 4 325 4
116 83 50 33 458 328 4 328 4
116 82 48 34 451 331 4 331 4
116 81 46 35 444 334 4 334 4
116 80 44 36 437 337 4 337 4
116 79 42 37 430 340 4 340 4
116 78 40 38 423 343 4 343 4
117 116 115 1 4755 384 40 384 40
117 115 113 2 2517 346 22 346 22
117 114 111 3 1755 398 14 398 14
117 113 109 4 1399 344 12 344 12
117 112 107 5 1176 343 10 343 10
117 111 105 6 1031 342 9 342 9
117 110 103 7 926 341 8 341 8
117 109 101 8 843 340 7 340 7
117 108 99 9 704 391 5 385 5
117 107 97 10 733 338 6 338 6
117 106 95 11 702 337 6 337 6
117 105 93 12 667 336 6 336 6
117 104 91 13 555 348 4 348 4
117 103 89 14 615 334 5 334 5
117 102 87 15 601 333 5 333 5
117 101 85 16 587 332 5 332 5
117 100 83 17 570 331 5 331 5
117 99 81 18 549 330 5 330 5
117 98 79 19 528 329 5 329 5
117 97 77 20 519 328 4 328 4
117 96 75 21 516 327 4 327 4
117 95 73 22 513 326 4 326 4
117 94 71 23 510 325 4 325 4
117 93 69 24 507 324 4 324 4
117 92 67 25 504 323 4 323 4
117 91 65 26 501 322 4 322 4
117 90 63 27 498 321 4 321 4
117 89 61 28 495 320 4 320 4
117 88 59 29 492 319 4 319 4
117 87 57 30 485 321 4 321 4
117 86 55 31 478 324 4 324 4
117 85 53 32 471 327 4 327 4
117 84 51 33 464 330 4 330 4
117 83 49 34 457 333 4 333 4
117 82 47 35 450 336 4 336 4
117 81 45 36 443 339 4 339 4
117 80 43 37 436 342 4 342 4
117 79 41 38 429 345 4 345 4
118 117 116 1 4832 424 40 424 40
118 116 114 2 2552 403 21 401 22
118 115 112 3 1796 348 15 348 15
118 114 110 4 1420 347 12 347 12
118 113 108 5 1193 346 10 346 10
118 112 106 6 1046 345 9 345 9
118 111 104 7 939 344 8 344 8
118 110 102 8 854 343 7 343 7
118 109 100 9 800 342 7 342 7
118 108 98 10 742 341 6 341 6
118 107 96 11 711 340 6 340 6
118 106 94 12 677 339 6 339 6
118 105 92 13 636 338 5 338 5
118 104 90 14 622 337 5 337 5
118 103 88 15 608 336 5 336 5
118 102 86 16 594 335 5 335 5
118 101 84 17 578 334 5 334 5
118 100 82 18 557 333 5 333 5
118 99 80 19 536 332 5 332 5
118 98 78 20 524 331 4 331 4
118 97 76 21 521 330 4 330 4
118 96 74 22 518 329 4 329 4
118 95 72 23 515 328 4 328 4
118 94 70 24 512 327 4 327 4
118 93 68 25 509 326 4 326 4
118 92 66 26 506 325 4 325 4
118 91 64 27 503 324 4 324 4
118 90 62 28 500 323 4 323 4
118 89 60 29 497 322 4 322 4
118 88 58 30 491 323 4 323 4
118 87 56 31 484 326 4 326 4
118 86 54 32 477 329 4 329 4
118 85 52 33 470 332 4 332 4
118 84 50 34 463 335 4 335 4
118 83 48 35 456 338 4 338 4
118 82 46 36 449 341 4 341 4
118 81 44 37 442 344 4 344 4
118 80 42 38 435 347 4 347 4
118 79 40 39 428 350 3 350 3
119 118 117 1 4916 391 41 390 41
119 117 115 2 2599 352 22 352 22
119 116 113 3 1826 351 16 351 16
119 115 111 4 1441 350 12 350 12
119 114 109 5 1210 349 10 349 10
119 113 107 6 1061 348 9 348 9
119 112 105 7 926 399 7 393 7
119 111 103 8 865 346 7 346 7
119 110 101 9 811 345 7 345 7
119 109 99 10 751 344 6 344 6
119 108 97 11 720 343 6 343 6
119 107 95 12 687 342 6 342 6
119 106 93 13 646 341 6 341 6
119 105 91 14 629 340 5 340 5
119 104 89 15 615 339 5 339 5
119 103 87 16 601 338 5 338 5
119 102 85 17 422 321 3 321 3
119 101 83 18 565 336 5 336 5
119 100 81 19 544 335 5 335 5
119 99 79 20 529 334 4 334 4
119 98 77 21 526 333 4 333 4
119 97 75 22 523 332 4 332 4
119 96 73 23 520 331 4 331 4
119 95 71 24 517 330 4 330 4
119 94 69 25 514 329 4 329 4
119 93 67 26 511 328 4 328 4
119 92 65 27 508 327 4 327 4
119 91 63 28 505 326 4 326 4
119 90 61 29 502 325 4 325 4
119 89 59 30 497 325 4 325 4
119 88 57 31 490 328 4 328 4
119 87 55 32 483 331 4 331 4
119 86 53 33 476 334 4 334 4
119 85 51 34 437 321 4 312 4
119 84 49 35 462 340 4 340 4
119 83 47 36 455 343 4 343 4
119 82 45 37 448 346 4 346 4
119 81 43 38 441 349 4 349 4
119 80 41 39 434 352 4 352 4
120 119 118 1 4997 394 41 394 41
120 118 116 2 2632 408 21 408 21
120 117 114 3 1832 442 14 440 14
120 116 112 4 1442 406 11 406 11
120 115 110 5 1201 402 9 402 9
120 114 108 6 1054 406 8 401 8
120 113 106 7 965 350 8 350 8
120 112 104 8 832 387 6 387 6
120 111 102 9 822 348 7 348 7
120 110 100 10 704 376 5 376 5
120 109 98 11 729 346 6 346 6
120 108 96 12 583 380 4 372 4
120 107 94 13 656 344 6 344 6
120 106 92 14 636 343 5 343 5
120 105 90 15 564 357 4 354 5
120 104 88 16 608 341 5 341 5
120 103 86 17 594 340 5 340 5
120 102 84 18 573 339 5 339 5
120 101 82 19 552 338 5 338 5
120 100 80 20 418 318 3 318 3
120 99 78 21 531 336 4 336 4
120 98 76 22 528 335 4 335 4
120 97 74 23 525 334 4 334 4
120 96 72 24 428 286 3 286 3
120 95 70 25 519 332 4 332 4
120 94 68 26 516 331 4 331 4
120 93 66 27 513 330 4 330 4
120 92 64 28 510 329 4 329 4
120 91 62 29 507 328 4 328 4
120 90 60 30 209 209 2 209 2
120 89 58 31 496 330 4 330 4
120 88 56 32 489 333 4 333 4
120 87 54 33 482 336 4 336 4
120 86 52 34 475 339 4 339 4
120 85 50 35 468 342 4 342 4
120 84 48 36 461 345 4 345 4
120 83 46 37 454 348 4 348 4
120 82 44 38 447 351 4 351 4
120 81 42 39 440 354 4 354 4
121 120 119 1 5076 435 41 435 41
121 119 117 2 2681 358 22 358 22
121 118 115 3 1886 357 16 357 16
121 117 113 4 1483 356 12 356 12
121 116 111 5 1244 355 10 355 10
121 115 109 6 1091 354 9 354 9
121 114 107 7 978 353 8 353 8
121 113 105 8 887 352 7 352 7
121 112 103 9 833 351 7 351 7
121 111 101 10 769 350 6 350 6
121 110 99 11 696 391 5 382 5
121 109 97 12 707 348 6 348 6
121 108 95 13 666 347 6 347 6
121 107 93 14 643 346 5 346 5
121 106 91 15 629 345 5 345 5
121 105 89 16 615 344 5 344 5
121 104 87 17 601 343 5 343 5
121 103 85 18 581 342 5 342 5
121 102 83 19 560 341 5 341 5
121 101 81 20 539 340 4 340 4
121 100 79 21 536 339 4 339 4
121 99 77 22 533 338 4 338 4
121 98 75 23 530 337 4 337 4
121 97 73 24 527 336 4 336 4
121 96 71 25 524 335 4 335 4
121 95 69 26 521 334 4 334 4
121 94 67 27 518 333 4 333 4
121 93 65 28 515 332 4 332 4
121 92 63 29 512 331 4 331 4
121 91 61 30 509 330 4 330 4
121 90 59 31 502 332 4 332 4
121 89 57 32 495 335 4 335 4
121 88 55 33 488 338 4 338 4
121 87 53 34 481 341 4 341 4
121 86 51 35 474 344 4 344 4
121 85 49 36 467 347 4 347 4
121 84 47 37 460 350 4 350 4
121 83 45 38 453 353 4 353 4
121 82 43 39 446 356 4 356 4
121 81 41 40 439 359 3 359 3
122 121 120 1 5162 401 42 400 42
122 120 118 2 2711 451 21 450 21
122 119 116 3 1915 360 16 360 16
122 118 114 4 1507 359 13 359 13
122 117 112 5 1264 358 11 358 11
122 116 110 6 1106 357 9 357 9
122 115 108 7 991 356 8 356 8
122 114 106 8 901 355 8 355 8
122 113 104 9 844 354 7 354 7
122 112 102 10 781 353 7 353 7
122 111 100 11 747 352 6 352 6
122 110 98 12 716 351 6 351 6
122 109 96 13 676 350 6 350 6
122 108 94 14 650 349 5 349 5
122 107 92 15 636 348 5 348 5
122 106 90 16 622 347 5 347 5
122 105 88 17 608 346 5 346 5
122 104 86 18 589 345 5 345 5
122 103 84 19 568 344 5 344 5
122 102 82 20 547 343 5 343 5
122 101 80 21 541 342 4 342 4
122 100 78 22 538 341 4 341 4
122 99 76 23 535 340 4 340 4
122 98 74 24 532 339 4 339 4
122 97 72 25 529 338 4 338 4
122 96 70 26 526 337 4 337 4
122 95 68 27 523 336 4 336 4
122 94 66 28 520 335 4 335 4
122 93 64 29 517 334 4 334 4
122 92 62 30 514 333 4 333 4
122 91 60 31 508 334 4 334 4
122 90 58 32 501 337 4 337 4
122 89 56 33 494 340 4 340 4
122 88 54 34 487 343 4 343 4
122 87 52 35 480 346 4 346 4
122 86 50 36 473 349 4 349 4
122 85 48 37 466 352 4 352 4
122 84 46 38 459 355 4 355 4
122 83 44 39 452 358 4 358 4
122 82 42 40 445 361 4 361 4
123 122 121 1 5245 404 42 404 42
123 121 119 2 2769 364 23 364 23
123 120 117 3 1934 423 15 420 16
123 119 115 4 1531 362 13 362 13
123 118 113 5 1284 361 11 361 11
123 117 111 6 1121 360 9 360 9
123 116 109 7 1004 359 8 359 8
123 115 107 8 915 358 8 358 8
123 114 105 9 855 357 7 357 7
123 113 103 10 793 356 7 356 7
123 112 101 11 756 355 6 355 6
123 111 99 12 725 354 6 354 6
123 110 97 13 686 353 6 353 6
123 109 95 14 657 352 5 352 5
123 108 93 15 643 351 5 351 5
123 107 91 16 629 350 5 350 5
123 106 89 17 615 349 5 349 5
123 105 87 18 597 348 5 348 5
123 104 85 19 576 347 5 347 5
123 103 83 20 555 346 5 346 5
123 102 81 21 546 345 4 345 4
123 101 79 22 543 344 4 344 4
123 100 77 23 540 343 4 343 4
123 99 75 24 537 342 4 342 4
123 98 73 25 534 341 4 341 4
123 97 71 26 531 340 4 340 4
123 96 69 27 528 339 4 339 4
123 95 67 28 525 338 4 338 4
123 94 65 29 522 337 4 337 4
123 93 63 30 519 336 4 336 4
123 92 61 31 514 336 4 336 4
123 91 59 32 507 339 4 339 4
123 90 57 33 500 342 4 342 4
123 89 55 34 493 345 4 345 4
123 88 53 35 486 348 4 348 4
123 87 51 36 479 351 4 351 4
123 86 49 37 472 354 4 354 4
123 85 47 38 465 357 4 357 4
123 84 45 39 458 360 4 360 4
123 83 43 40 451 363 4 363 4
124 123 122 1 5326 446 42 446 42
124 122 120 2 2806 424 22 422 22
124 121 118 3 1973 366 16 366 16
124 120 116 4 1521 453 11 450 11
124 119 114 5 1304 364 11 364 11
124 118 112 6 1136 363 9 363 9
124 117 110 7 1017 362 8 362 8
124 116 108 8 929 361 8 361 8
124 115 106 9 866 360 7 360 7
124 114 104 10 805 359 7 359 7
124 113 102 11 765 358 6 358 6
124 112 100 12 734 357 6 357 6
124 111 98 13 696 356 6 356 6
124 110 96 14 664 355 5 355 5
124 109 94 15 650 354 5 354 5
124 108 92 16 636 353 5 353 5
124 107 90 17 622 352 5 352 5
124 106 88 18 605 351 5 351 5
124 105 86 19 584 350 5 350 5
124 104 84 20 563 349 5 349 5
124 103 82 21 551 348 4 348 4
124 102 80 22 548 347 4 347 4
124 101 78 23 545 346 4 346 4
124 100 76 24 542 345 4 345 4
124 99 74 25 539 344 4 344 4
124 98 72 26 536 343 4 343 4
124 97 70 27 533 342 4 342 4
124 96 68 28 530 341 4 341 4
124 95 66 29 527 340 4 340 4
124 94 64 30 524 339 4 339 4
124 93 62 31 216 216 2 216 2
124 92 60 32 513 341 4 341 4
124 91 58 33 506 344 4 344 4
124 90 56 34 499 347 4 347 4
124 89 54 35 492 350 4 350 4
124 88 52 36 485 353 4 353 4
124 87 50 37 478 356 4 356 4
124 86 48 38 471 359 4 359 4
124 85 46 39 464 362 4 362 4
124 84 44 40 457 365 4 365 4
124 83 42 41 450 368 3 368 3
125 124 123 1 5414 411 43 410 43
125 123 121 2 2855 370 23 370 23
125 122 119 3 2002 369 16 369 16
125 121 117 4 1579 368 13 368 13
125 120 115 5 1280 451 9 447 9
125 119 113 6 1151 366 9 366 9
125 118 111 7 1030 365 8 365 8
125 117 109 8 943 364 8 364 8
125 116 107 9 877 363 7 363 7
125 115 105 10 817 362 7 362 7
125 114 103 11 774 361 6 361 6
125 113 101 12 743 360 6 360 6
125 112 99 13 706 359 6 359 6
125 111 97 14 671 358 5 358 5
125 110 95 15 657 357 5 357 5
125 109 93 16 643 356 5 356 5
125 108 91 17 629 355 5 355 5
125 107 89 18 613 354 5 354 5
125 106 87 19 592 353 5 353 5
125 105 85 20 571 352 5 352 5
125 104 83 21 556 351 4 351 4
125 103 81 22 553 350 4 350 4
125 102 79 23 550 349 4 349 4
125 101 77 24 547 348 4 348 4
125 100 75 25 446 298 3 298 3
125 99 73 26 541 346 4 346 4
125 98 71 27 538 345 4 345 4
125 97 69 28 535 344 4 344 4
125 96 67 29 532 343 4 343 4
125 95 65 30 529 342 4 342 4
125 94 63 31 526 341 4 341 4
125 93 61 32 519 343 4 343 4
125 92 59 33 512 346 4 346 4
125 91 57 34 505 349 4 349 4
125 90 55 35 498 352 4 352 4
125 89 53 36 491 355 4 355 4
125 88 51 37 484 358 4 358 4
125 87 49 38 477 361 4 361 4
125 86 47 39 470 364 4 364 4
125 85 45 40 463 367 4 367 4
125 84 43 41 456 370 4 370 4
126 125 124 1 5499 414 43 414 43
126 124 122 2 2890 429 22 429 22
126 123 120 3 2017 430 15 430 15
126 122 118 4 1602 371 13 371 13
126 121 116 5 1344 370 11 370 11
126 120 114 6 1134 419 8 419 8
126 119 112 7 1005 414 7 414 7
126 118 110 8 957 367 8 367 8
126 117 108 9 854 417 6 411 6
126 116 106 10 829 365 7 365 7
126 115 104 11 783 364 6 364 6
126 114 102 12 752 363 6 363 6
126 113 100 13 716 362 6 362 6
126 112 98 14 598 375 4 375 4
126 111 96 15 664 360 5 360 5
126 110 94 16 650 359 5 359 5
126 109 92 17 636 358 5 358 5
126 108 90 18 447 340 3 340 3
126 107 88 19 600 356 5 356 5
126 106 86 20 579 355 5 355 5
126 105 84 21 439 334 3 334 3
126 104 82 22 558 353 4 353 4
126 103 80 23 555 352 4 352 4
126 102 78 24 552 351 4 351 4
126 101 76 25 549 350 4 350 4
126 100 74 26 546 349 4 349 4
126 99 72 27 543 348 4 348 4
126 98 70 28 540 347 4 347 4
126 97 68 29 537 346 4 346 4
126 96 66 30 534 345 4 345 4
126 95 64 31 531 344 4 344 4
126 94 62 32 525 345 4 345 4
126 93 60 33 518 348 4 348 4
126 92 58 34 511 351 4 351 4
126 91 56 35 504 354 4 354 4
126 90 54 36 463 340 4 330 4
126 89 52 37 490 360 4 360 4
126 88 50 38 483 363 4 363 4
126 87 48 39 476 366 4 366 4
126 86 46 40 469 369 4 369 4
126 85 44 41 462 372 4 372 4
127 126 125 1 5582 457 43 457 43
127 125 123 2 2941 376 23 376 23
127 124 121 3 2060 375 16 375 16
127 123 119 4 1625 374 13 374 13
127 122 117 5 1363 373 11 373 11
127 121 115 6 1181 372 9 372 9
127 120 113 7 1056 371 8 371 8
127 119 111 8 971 370 8 370 8
127 118 109 9 899 369 7 369 7
127 117 107 10 841 368 7 368 7
127 116 105 11 792 367 6 367 6
127 115 103 12 761 366 6 366 6
127 114 101 13 726 365 6 365 6
127 113 99 14 685 364 5 364 5
127 112 97 15 671 363 5 363 5
127 111 95 16 657 362 5 362 5
127 110 93 17 643 361 5 361 5
127 109 91 18 629 360 5 360 5
127 108 89 19 608 359 5 359 5
127 107 87 20 587 358 5 358 5
127 106 85 21 566 357 4 357 4
127 105 83 22 563 356 4 356 4
127 104 81 23 560 355 4 355 4
127 103 79 24 557 354 4 354 4
127 102 77 25 554 353 4 353 4
127 101 75 26 551 352 4 352 4
127 100 73 27 548 351 4 351 4
127 99 71 28 545 350 4 350 4
127 98 69 29 542 349 4 349 4
127 97 67 30 539 348 4 348 4
127 96 65 31 536 347 4 347 4
127 95 63 32 531 347 4 347 4
127 94 61 33 524 350 4 350 4
127 93 59 34 517 353 4 353 4
127 92 57 35 510 356 4 356 4
127 91 55 36 503 359 4 359 4
127 90 53 37 496 362 4 362 4
127 89 51 38 489 365 4 365 4
127 88 49 39 482 368 4 368 4
127 87 47 40 475 371 4 371 4
127 86 45 41 468 374 4 374 4
127 85 43 42 461 377 3 377 3
128 127 126 1 5672 421 44 420 45
128 126 124 2 2973 474 22 473 22
128 125 122 3 2092 378 17 378 17
128 124 120 4 1634 440 12 436 13
128 123 118 5 1382 376 11 376 11
128 122 116 6 1199 375 10 375 10
128 121 114 7 1072 374 9 374 9
128 120 112 8 911 442 6 436 6
128 119 110 9 910 372 7 372 7
128 118 108 10 853 371 7 371 7
128 117 106 11 801 370 6 370 6
128 116 104 12 770 369 6 369 6
128 115 102 13 736 368 6 368 6
128 114 100 14 695 367 6 367 6
128 113 98 15 678 366 5 366 5
128 112 96 16 602 381 4 378 5
128 111 94 17 650 364 5 364 5
128 110 92 18 636 363 5 363 5
128 109 90 19 616 362 5 362 5
128 108 88 20 595 361 5 361 5
128 107 86 21 574 360 5 360 5
128 106 84 22 568 359 4 359 4
128 105 82 23 565 358 4 358 4
128 104 80 24 562 357 4 357 4
128 103 78 25 559 356 4 356 4
128 102 76 26 556 355 4 355 4
128 101 74 27 553 354 4 354 4
128 100 72 28 550 353 4 353 4
128 99 70 29 547 352 4 352 4
128 98 68 30 544 351 4 351 4
128 97 66 31 541 350 4 350 4
128 96 64 32 223 223 2 223 2
128 95 62 33 530 352 4 352 4
128 94 60 34 523 355 4 355 4
128 93 58 35 516 358 4 358 4
128 92 56 36 509 361 4 361 4
128 91 54 37 502 364 4 364 4
128 90 52 38 495 367 4 367 4
128 89 50 39 488 370 4 370 4
128 88 48 40 481 373 4 373 4
128 87 46 41 474 376 4 376 4
128 86 44 42 467 379 4 379 4
129 128 127 1 5759 424 44 424 44
129 127 125 2 3033 382 24 382 24
129 126 123 3 2100 477 15 475 15
129 125 121 4 1671 380 13 380 13
129 124 119 5 1401 379 11 379 11
129 123 117 6 1217 378 10 378 10
129 122 115 7 1088 377 9 377 9
129 121 113 8 999 376 8 376 8
129 120 111 9 921 375 7 375 7
129 119 109 10 865 374 7 374 7
129 118 107 11 810 373 6 373 6
129 117 105 12 779 372 6 372 6
129 116 103 13 746 371 6 371 6
129 115 101 14 705 370 6 370 6
129 114 99 15 685 369 5 369 5
129 113 97 16 671 368 5 368 5
129 112 95 17 657 367 5 367 5
129 111 93 18 643 366 5 366 5
129 110 91 19 624 365 5 365 5
129 109 89 20 603 364 5 364 5
129 108 87 21 582 363 5 363 5
129 107 85 22 573 362 4 362 4
129 106 83 23 570 361 4 361 4
129 105 81 24 567 360 4 360 4
129 104 79 25 564 359 4 359 4
129 103 77 26 561 358 4 358 4
129 102 75 27 558 357 4 357 4
129 101 73 28 555 356 4 356 4
129 100 71 29 552 355 4 355 4
129 99 69 30 549 354 4 354 4
129 98 67 31 546 353 4 353 4
129 97 65 32 543 352 4 352 4
129 96 63 33 536 354 4 354 4
129 95 61 34 529 357 4 357 4
129 94 59 35 522 360 4 360 4
129 93 57 36 515 363 4 363 4
129 92 55 37 508 366 4 366 4
129 91 53 38 501 369 4 369 4
129 90 51 39 494 372 4 372 4
129 89 49 40 487 375 4 375 4
129 88 47 41 480 378 4 378 4
129 87 45 42 473 381 4 381 4
130 129 128 1 5844 468 44 468 44
130 128 126 2 3072 445 23 443 23
130 127 124 3 2156 384 17 384 17
130 126 122 4 1694 383 13 383 13
130 125 120 5 1402 445 10 441 10
130 124 118 6 1235 381 10 381 10
130 123 116 7 1104 380 9 380 9
130 122 114 8 1012 379 8 379 8
130 121 112 9 932 378 7 378 7
130 120 110 10 783 435 5 428 5
130 119 108 11 819 376 6 376 6
130 118 106 12 788 375 6 375 6
130 117 104 13 632 412 4 402 4
130 116 102 14 715 373 6 373 6
130 115 100 15 692 372 5 372 5
130 114 98 16 678 371 5 371 5
130 113 96 17 664 370 5 370 5
130 112 94 18 650 369 5 369 5
130 111 92 19 632 368 5 368 5
130 110 90 20 611 367 5 367 5
130 109 88 21 590 366 5 366 5
130 108 86 22 578 365 4 365 4
130 107 84 23 575 364 4 364 4
130 106 82 24 572 363 4 363 4
130 105 80 25 569 362 4 362 4
130 104 78 26 464 310 3 310 3
130 103 76 27 563 360 4 360 4
130 102 74 28 560 359 4 359 4
130 101 72 29 557 358 4 358 4
130 100 70 30 554 357 4 357 4
130 99 68 31 551 356 4 356 4
130 98 66 32 548 355 4 355 4
130 97 64 33 542 356 4 356 4
130 96 62 34 535 359 4 359 4
130 95 60 35 528 362 4 362 4
130 94 58 36 521 365 4 365 4
130 93 56 37 514 368 4 368 4
130 92 54 38 507 371 4 371 4
130 91 52 39 500 374 4 374 4
130 90 50 40 493 377 4 377 4
130 89 48 41 486 380 4 380 4
130 88 46 42 479 383 4 383 4
130 87 44 43 472 386 3 386 3
131 130 129 1 5936 431 45 430 45
131 129 127 2 3123 388 24 388 24
131 128 125 3 2187 387 17 387 17
131 127 123 4 1717 386 13 386 13
131 126 121 5 1439 385 11 385 11
131 125 119 6 1253 384 10 384 10
131 124 117 7 1120 383 9 383 9
131 123 115 8 1025 382 8 382 8
131 122 113 9 943 381 7 381 7
131 121 111 10 889 380 7 380 7
131 120 109 11 828 379 6 379 6
131 119 107 12 797 378 6 378 6
131 118 105 13 766 377 6 377 6
131 117 103 14 725 376 6 376 6
131 116 101 15 699 375 5 375 5
131 115 99 16 685 374 5 374 5
131 114 97 17 671 373 5 373 5
131 113 95 18 657 372 5 372 5
131 112 93 19 640 371 5 371 5
131 111 91 20 619 370 5 370 5
131 110 89 21 598 369 5 369 5
131 109 87 22 583 368 4 368 4
131 108 85 23 580 367 4 367 4
131 107 83 24 577 366 4 366 4
131 106 81 25 574 365 4 365 4
131 105 79 26 571 364 4 364 4
131 104 77 27 568 363 4 363 4
131 103 75 28 565 362 4 362 4
131 102 73 29 562 361 4 361 4
131 101 71 30 559 360 4 360 4
131 100 69 31 556 359 4 359 4
131 99 67 32 553 358 4 358 4
131 98 65 33 548 358 4 358 4
131 97 63 34 541 361 4 361 4
131 96 61 35 534 364 4 364 4
131 95 59 36 527 367 4 367 4
131 94 57 37 520 370 4 370 4
131 93 55 38 513 373 4 373 4
131 92 53 39 506 376 4 376 4
131 91 51 40 499 379 4 379 4
131 90 49 41 492 382 4 382 4
131 89 47 42 485 385 4 385 4
131 88 45 43 478 388 4 388 4
132 131 130 1 6025 434 45 434 45
132 130 128 2 3160 450 23 450 23
132 129 126 3 2208 455 16 452 16
132 128 124 4 1720 449 12 449 12
132 127 122 5 1458 388 11 388 11
132 126 120 6 1217 472 8 467 8
132 125 118 7 1136 386 9 386 9
132 124 116 8 1038 385 8 385 8
132 123 114 9 954 384 7 384 7
132 122 112 10 900 383 7 383 7
132 121 110 11 775 414 5 414 5
132 120 108 12 760 427 5 418 6
132 119 106 13 775 380 6 380 6
132 118 104 14 735 379 6 379 6
132 117 102 15 706 378 5 378 5
132 116 100 16 692 377 5 377 5
132 115 98 17 678 376 5 376 5
132 114 96 18 664 375 5 375 5
132 113 94 19 648 374 5 374 5
132 112 92 20 627 373 5 373 5
132 111 90 21 606 372 5 372 5
132 110 88 22 460 350 3 350 3
132 109 86 23 585 370 4 370 4
132 108 84 24 582 369 4 369 4
132 107 82 25 579 368 4 368 4
132 106 80 26 576 367 4 367 4
132 105 78 27 573 366 4 366 4
132 104 76 28 570 365 4 365 4
132 103 74 29 567 364 4 364 4
132 102 72 30 564 363 4 363 4
132 101 70 31 561 362 4 362 4
132 100 68 32 558 361 4 361 4
132 99 66 33 230 230 2 230 2
132 98 64 34 547 363 4 363 4
132 97 62 35 540 366 4 366 4
132 96 60 36 533 369 4 369 4
132 95 58 37 526 372 4 372 4
132 94 56 38 519 375 4 375 4
132 93 54 39 512 378 4 378 4
132 92 52 40 505 381 4 381 4
132 91 50 41 498 384 4 384 4
132 90 48 42 491 387 4 387 4
132 89 46 43 484 390 4 390 4
133 132 131 1 6112 479 45 479 45
133 131 129 2 3213 394 24 394 24
133 130 127 3 2249 393 17 393 17
133 129 125 4 1763 392 13 392 13
133 128 123 5 1477 391 11 391 11
133 127 121 6 1289 390 10 390 10
133 126 119 7 1088 469 7 463 7
133 125 117 8 1051 388 8 388 8
133 124 115 9 965 387 7 387 7
133 123 113 10 911 386 7 386 7
133 122 111 11 846 385 6 385 6
133 121 109 12 815 384 6 384 6
133 120 107 13 784 383 6 383 6
133 119 105 14 745 382 6 382 6
133 118 103 15 713 381 5 381 5
133 117 101 16 699 380 5 380 5
133 116 99 17 685 379 5 379 5
133 115 97 18 671 378 5 378 5
133 114 95 19 472 359 3 359 3
133 113 93 20 635 376 5 376 5
133 112 91 21 614 375 5 375 5
133 111 89 22 593 374 4 374 4
133 110 87 23 590 373 4 373 4
133 109 85 24 587 372 4 372 4
133 108 83 25 584 371 4 371 4
133 107 81 26 581 370 4 370 4
133 106 79 27 578 369 4 369 4
133 105 77 28 575 368 4 368 4
133 104 75 29 572 367 4 367 4
133 103 73 30 569 366 4 366 4
133 102 71 31 566 365 4 365 4
133 101 69 32 563 364 4 364 4
133 100 67 33 560 363 4 363 4
133 99 65 34 553 365 4 365 4
133 98 63 35 546 368 4 368 4
133 97 61 36 539 371 4 371 4
133 96 59 37 532 374 4 374 4
133 95 57 38 489 359 4 350 4
133 94 55 39 518 380 4 380 4
133 93 53 40 511 383 4 383 4
133 92 51 41 504 386 4 386 4
133 91 49 42 497 389 4 389 4
133 90 47 43 490 392 4 392 4
133 89 45 44 483 395 3 395 3
134 133 132 1 6206 441 46 440 46
134 132 130 2 3247 497 23 496 23
134 131 128 3 2280 396 17 396 17
134 130 126 4 1789 395 14 395 14
134 129 124 5 1496 394 11 394 11
134 128 122 6 1306 393 10 393 10
134 127 120 7 1168 392 9 392 9
134 126 118 8 1064 391 8 391 8
134 125 116 9 976 390 7 390 7
134 124 114 10 922 389 7 389 7
134 123 112 11 858 388 7 388 7
134 122 110 12 824 387 6 387 6
134 121 108 13 793 386 6 386 6
134 120 106 14 755 385 6 385 6
134 119 104 15 720 384 5 384 5
134 118 102 16 706 383 5 383 5
134 117 100 17 692 382 5 382 5
134 116 98 18 678 381 5 381 5
134 115 96 19 664 380 5 380 5
134 114 94 20 643 379 5 379 5
134 113 92 21 622 378 5 378 5
134 112 90 22 601 377 5 377 5
134 111 88 23 595 376 4 376 4
134 110 86 24 592 375 4 375 4
134 109 84 25 589 374 4 374 4
134 108 82 26 586 373 4 373 4
134 107 80 27 583 372 4 372 4
134 106 78 28 580 371 4 371 4
134 105 76 29 577 370 4 370 4
134 104 74 30 574 369 4 369 4
134 103 72 31 571 368 4 368 4
134 102 70 32 568 367 4 367 4
134 101 68 33 565 366 4 366 4
134 100 66 34 559 367 4 367 4
134 99 64 35 552 370 4 370 4
134 98 62 36 545 373 4 373 4
134 97 60 37 538 376 4 376 4
134 96 58 38 531 379 4 379 4
134 95 56 39 524 382 4 382 4
134 94 54 40 517 385 4 385 4
134 93 52 41 510 388 4 388 4
134 92 50 42 503 391 4 391 4
134 91 48 43 496 394 4 394 4
134 90 46 44 489 397 4 397 4
135 134 133 1 6297 444 46 444 46
135 133 131 2 3309 400 25 400 25
135 132 129 3 2297 462 16 462 16
135 131 127 4 1815 398 14 398 14
135 130 125 5 1489 456 10 456 10
135 129 123 6 1323 396 10 396 10
135 128 121 7 1183 395 9 395 9
135 127 119 8 1077 394 8 394 8
135 126 117 9 937 436 6 436 6
135 125 115 10 933 392 7 392 7
135 124 113 11 870 391 7 391 7
135 123 111 12 833 390 6 390 6
135 122 109 13 802 389 6 389 6
135 121 107 14 765 388 6 388 6
135 120 105 15 641 402 4 402 4
135 119 103 16 713 386 5 386 5
135 118 101 17 699 385 5 385 5
135 117 99 18 685 384 5 384 5
135 116 97 19 671 383 5 383 5
135 115 95 20 651 382 5 382 5
135 114 93 21 630 381 5 381 5
135 113 91 22 609 380 5 380 5
135 112 89 23 600 379 4 379 4
135 111 87 24 597 378 4 378 4
135 110 85 25 594 377 4 377 4
135 109 83 26 591 376 4 376 4
135 108 81 27 482 322 3 322 3
135 107 79 28 585 374 4 374 4
135 106 77 29 582 373 4 373 4
135 105 75 30 579 372 4 372 4
135 104 73 31 576 371 4 371 4
135 103 71 32 573 370 4 370 4
135 102 69 33 570 369 4 369 4
135 101 67 34 565 369 4 369 4
135 100 65 35 558 372 4 372 4
135 99 63 36 551 375 4 375 4
135 98 61 37 544 378 4 378 4
135 97 59 38 537 381 4 381 4
135 96 57 39 530 384 4 384 4
135 95 55 40 523 387 4 387 4
135 94 53 41 516 390 4 390 4
135 93 51 42 509 393 4 393 4
135 92 49 43 502 396 4 396 4
135 91 47 44 495 399 4 399 4
136 135 134 1 6386 490 46 490 46
136 134 132 2 3350 466 24 464 24
136 133 130 3 2342 402 17 402 17
136 132 128 4 1807 500 12 497 12
136 131 126 5 1534 400 11 400 11
136 130 124 6 1340 399 10 399 10
136 129 122 7 1198 398 9 398 9
136 128 120 8 1060 457 7 450 8
136 127 118 9 998 396 7 396 7
136 126 116 10 944 395 7 395 7
136 125 114 11 882 394 7 394 7
136 124 112 12 842 393 6 393 6
136 123 110 13 811 392 6 392 6
136 122 108 14 775 391 6 391 6
136 121 106 15 734 390 5 390 5
136 120 104 16 720 389 5 389 5
136 119 102 17 640 405 4 402 5
136 118 100 18 692 387 5 387 5
136 117 98 19 678 386 5 386 5
136 116 96 20 659 385 5 385 5
136 115 94 21 638 384 5 384 5
136 114 92 22 617 383 5 383 5
136 113 90 23 605 382 4 382 4
136 112 88 24 602 381 4 381 4
136 111 86 25 599 380 4 380 4
136 110 84 26 596 379 4 379 4
136 109 82 27 593 378 4 378 4
136 108 80 28 590 377 4 377 4
136 107 78 29 587 376 4 376 4
136 106 76 30 584 375 4 375 4
136 105 74 31 581 374 4 374 4
136 104 72 32 578 373 4 373 4
136 103 70 33 575 372 4 372 4
136 102 68 34 237 237 2 237 2
136 101 66 35 564 374 4 374 4
136 100 64 36 557 377 4 377 4
136 99 62 37 550 380 4 380 4
136 98 60 38 543 383 4 383 4
136 97 58 39 536 386 4 386 4
136 96 56 40 529 389 4 389 4
136 95 54 41 522 392 4 392 4
136 94 52 42 515 395 4 395 4
136 93 50 43 508 398 4 398 4
136 92 48 44 501 401 4 401 4
136 91 46 45 494 404 3 404 3
137 136 135 1 6482 451 47 450 47
137 135 133 2 3403 406 25 406 25
137 134 131 3 2376 405 18 405 18
137 133 129 4 1867 404 14 404 14
137 132 127 5 1556 403 12 403 12
137 131 125 6 1357 402 10 402 10
137 130 123 7 1213 401 9 401 9
137 129 121 8 1103 400 8 400 8
137 128 119 9 1012 399 8 399 8
137 127 117 10 955 398 7 398 7
137 126 115 11 894 397 7 397 7
137 125 113 12 851 396 6 396 6
137 124 111 13 820 395 6 395 6
137 123 109 14 785 394 6 394 6
137 122 107 15 744 393 6 393 6
137 121 105 16 727 392 5 392 5
137 120 103 17 713 391 5 391 5
137 119 101 18 699 390 5 390 5
137 118 99 19 685 389 5 389 5
137 117 97 20 667 388 5 388 5
137 116 95 21 646 387 5 387 5
137 115 93 22 625 386 5 386 5
137 114 91 23 610 385 4 385 4
137 113 89 24 607 384 4 384 4
137 112 87 25 604 383 4 383 4
137 111 85 26 601 382 4 382 4
137 110 83 27 598 381 4 381 4
137 109 81 28 595 380 4 380 4
137 108 79 29 592 379 4 379 4
137 107 77 30 589 378 4 378 4
137 106 75 31 586 377 4 377 4
137 105 73 32 583 376 4 376 4
137 104 71 33 580 375 4 375 4
137 103 69 34 577 374 4 374 4
137 102 67 35 570 376 4 376 4
137 101 65 36 563 379 4 379 4
137 100 63 37 556 382 4 382 4
137 99 61 38 549 385 4 385 4
137 98 59 39 542 388 4 388 4
137 97 57 40 535 391 4 391 4
137 96 55 41 528 394 4 394 4
137 95 53 42 521 397 4 397 4
137 94 51 43 514 400 4 400 4
137 93 49 44 507 403 4 403 4
137 92 47 45 500 406 4 406 4
138 137 136 1 6575 454 47 454 47
138 136 134 2 3442 471 24 471 24
138 135 132 3 2386 512 16 510 16
138 134 130 4 1892 407 14 407 14
138 133 128 5 1578 406 12 406 12
138 132 126 6 1352 471 9 465 10
138 131 124 7 1228 404 9 404 9
138 130 122 8 1116 403 8 403 8
138 129 120 9 1026 402 8 402 8
138 128 118 10 966 401 7 401 7
138 127 116 11 906 400 7 400 7
138 126 114 12 860 399 6 399 6
138 125 112 13 829 398 6 398 6
138 124 110 14 795 397 6 397 6
138 123 108 15 754 396 6 396 6
138 122 106 16 734 395 5 395 5
138 121 104 17 720 394 5 394 5
138 120 102 18 706 393 5 393 5
138 119 100 19 692 392 5 392 5
138 118 98 20 675 391 5 391 5
138 117 96 21 654 390 5 390 5
138 116 94 22 633 389 5 389 5
138 115 92 23 481 366 3 366 3
138 114 90 24 612 387 4 387 4
138 113 88 25 609 386 4 386 4
138 112 86 26 606 385 4 385 4
138 111 84 27 603 384 4 384 4
138 110 82 28 600 383 4 383 4
138 109 80 29 597 382 4 382 4
138 108 78 30 594 381 4 381 4
138 107 76 31 591 380 4 380 4
138 106 74 32 588 379 4 379 4
138 105 72 33 585 378 4 378 4
138 104 70 34 582 377 4 377 4
138 103 68 35 576 378 4 378 4
138 102 66 36 569 381 4 381 4
138 101 64 37 562 384 4 384 4
138 100 62 38 555 387 4 387 4
138 99 60 39 548 390 4 390 4
138 98 58 40 541 393 4 393 4
138 97 56 41 534 396 4 396 4
138 96 54 42 527 399 4 399 4
138 95 52 43 520 402 4 402 4
138 94 50 44 513 405 4 405 4
138 93 48 45 506 408 4 408 4
139 138 137 1 6666 501 47 501 47
139 137 135 2 3497 412 25 412 25
139 136 133 3 2444 411 18 411 18
139 135 131 4 1917 410 14 410 14
139 134 129 5 1600 409 12 409 12
139 133 127 6 1391 408 10 408 10
139 132 125 7 1243 407 9 407 9
139 131 123 8 1129 406 8 406 8
139 130 121 9 1040 405 8 405 8
139 129 119 10 977 404 7 404 7
139 128 117 11 918 403 7 403 7
139 127 115 12 869 402 6 402 6
139 126 113 13 838 401 6 401 6
139 125 111 14 805 400 6 400 6
139 124 109 15 764 399 6 399 6
139 123 107 16 741 398 5 398 5
139 122 105 17 727 397 5 397 5
139 121 103 18 713 396 5 396 5
139 120 101 19 699 395 5 395 5
139 119 99 20 683 394 5 394 5
139 118 97 21 662 393 5 393 5
139 117 95 22 641 392 5 392 5
139 116 93 23 620 391 4 391 4
139 115 91 24 617 390 4 390 4
139 114 89 25 614 389 4 389 4
139 113 87 26 611 388 4 388 4
139 112 85 27 608 387 4 387 4
139 111 83 28 605 386 4 386 4
139 110 81 29 602 385 4 385 4
139 109 79 30 599 384 4 384 4
139 108 77 31 596 383 4 383 4
139 107 75 32 593 382 4 382 4
139 106 73 33 590 381 4 381 4
139 105 71 34 587 380 4 380 4
139 104 69 35 582 380 4 380 4
139 103 67 36 575 383 4 383 4
139 102 65 37 568 386 4 386 4
139 101 63 38 561 389 4 389 4
139 100 61 39 554 392 4 392 4
139 99 59 40 547 395 4 395 4
139 98 57 41 540 398 4 398 4
139 97 55 42 533 401 4 401 4
139 96 53 43 526 404 4 404 4
139 95 51 44 519 407 4 407 4
139 94 49 45 512 410 4 410 4
139 93 47 46 505 413 3 413 3
140 139 138 1 6764 461 48 460 48
140 138 136 2 3533 520 24 519 24
140 137 134 3 2477 414 18 414 18
140 136 132 4 1928 483 13 479 13
140 135 130 5 1578 510 10 506 10
140 134 128 6 1408 411 10 411 10
140 133 126 7 1232 475 8 468 8
140 132 124 8 1142 409 8 409 8
140 131 122 9 1054 408 8 408 8
140 130 120 10 950 464 6 456 7
140 129 118 11 930 406 7 406 7
140 128 116 12 878 405 6 405 6
140 127 114 13 847 404 6 404 6
140 126 112 14 681 444 4 434 4
140 125 110 15 774 402 6 402 6
140 124 108 16 748 401 5 401 5
140 123 106 17 734 400 5 400 5
140 122 104 18 720 399 5 399 5
140 121 102 19 706 398 5 398 5
140 120 100 20 497 378 3 378 3
140 119 98 21 670 396 5 396 5
140 118 96 22 649 395 5 395 5
140 117 94 23 628 394 5 394 5
140 116 92 24 622 393 4 393 4
140 115 90 25 619 392 4 392 4
140 114 88 26 616 391 4 391 4
140 113 86 27 613 390 4 390 4
140 112 84 28 500 334 3 334 3
140 111 82 29 607 388 4 388 4
140 110 80 30 604 387 4 387 4
140 109 78 31 601 386 4 386 4
140 108 76 32 598 385 4 385 4
140 107 74 33 595 384 4 384 4
140 106 72 34 592 383 4 383 4
140 105 70 35 244 244 2 244 2
140 104 68 36 581 385 4 385 4
140 103 66 37 574 388 4 388 4
140 102 64 38 567 391 4 391 4
140 101 62 39 560 394 4 394 4
140 100 60 40 515 378 4 367 4
140 99 58 41 546 400 4 400 4
140 98 56 42 539 403 4 403 4
140 97 54 43 532 406 4 406 4
140 96 52 44 525 409 4 409 4
140 95 50 45 518 412 4 412 4
140 94 48 46 511 415 4 415 4
141 140 139 1 6859 464 48 464 48
141 139 137 2 3597 418 26 418 26
141 138 135 3 2500 487 17 484 17
141 137 133 4 1967 416 14 416 14
141 136 131 5 1644 415 12 415 12
141 135 129 6 1425 414 10 414 10
141 134 127 7 1273 413 9 413 9
141 133 125 8 1155 412 8 412 8
141 132 123 9 1068 411 8 411 8
141 131 121 10 999 410 7 410 7
141 130 119 11 942 409 7 409 7
141 129 117 12 887 408 6 408 6
141 128 115 13 856 407 6 407 6
141 127 113 14 825 406 6 406 6
141 126 111 15 784 405 6 405 6
141 125 109 16 755 404 5 404 5
141 124 107 17 741 403 5 403 5
141 123 105 18 727 402 5 402 5
141 122 103 19 713 401 5 401 5
141 121 101 20 699 400 5 400 5
141 120 99 21 678 399 5 399 5
141 119 97 22 657 398 5 398 5
141 118 95 23 636 397 5 397 5
141 117 93 24 627 396 4 396 4
141 116 91 25 624 395 4 395 4
141 115 89 26 621 394 4 394 4
141 114 87 27 618 393 4 393 4
141 113 85 28 615 392 4 392 4
141 112 83 29 612 391 4 391 4
141 111 81 30 609 390 4 390 4
141 110 79 31 606 389 4 389 4
141 109 77 32 603 388 4 388 4
141 108 75 33 600 387 4 387 4
141 107 73 34 597 386 4 386 4
141 106 71 35 594 385 4 385 4
141 105 69 36 587 387 4 387 4
141 104 67 37 580 390 4 390 4
141 103 65 38 573 393 4 393 4
141 102 63 39 566 396 4 396 4
141 101 61 40 559 399 4 399 4
141 100 59 41 552 402 4 402 4
141 99 57 42 545 405 4 405 4
141 98 55 43 538 408 4 408 4
141 97 53 44 531 411 4 411 4
141 96 51 45 524 414 4 414 4
141 95 49 46 517 417 4 417 4
142 141 140 1 6952 512 48 512 48
142 140 138 2 3640 487 25 485 26
142 139 136 3 2543 420 18 420 18
142 138 134 4 1992 419 14 419 14
142 137 132 5 1665 418 12 418 12
142 136 130 6 1442 417 10 417 10
142 135 128 7 1288 416 9 416 9
142 134 126 8 1168 415 8 415 8
142 133 124 9 1082 414 8 414 8
142 132 122 10 1010 413 7 413 7
142 131 120 11 954 412 7 412 7
142 130 118 12 896 411 6 411 6
142 129 116 13 865 410 6 410 6
142 128 114 14 834 409 6 409 6
142 127 112 15 794 408 6 408 6
142 126 110 16 762 407 5 407 5
142 125 108 17 748 406 5 406 5
142 124 106 18 734 405 5 405 5
142 123 104 19 720 404 5 404 5
142 122 102 20 706 403 5 403 5
142 121 100 21 686 402 5 402 5
142 120 98 22 665 401 5 401 5
142 119 96 23 644 400 5 400 5
142 118 94 24 632 399 4 399 4
142 117 92 25 629 398 4 398 4
142 116 90 26 626 397 4 397 4
142 115 88 27 623 396 4 396 4
142 114 86 28 620 395 4 395 4
142 113 84 29 617 394 4 394 4
142 112 82 30 614 393 4 393 4
142 111 80 31 611 392 4 392 4
142 110 78 32 608 391 4 391 4
142 109 76 33 605 390 4 390 4
142 108 74 34 602 389 4 389 4
142 107 72 35 599 388 4 388 4
142 106 70 36 593 389 4 389 4
142 105 68 37 586 392 4 392 4
142 104 66 38 579 395 4 395 4
142 103 64 39 572 398 4 398 4
142 102 62 40 565 401 4 401 4
142 101 60 41 558 404 4 404 4
142 100 58 42 551 407 4 407 4
142 99 56 43 544 410 4 410 4
142 98 54 44 537 413 4 413 4
142 97 52 45 530 416 4 416 4
142 96 50 46 523 419 4 419 4
142 95 48 47 516 422 3 422 3
143 142 141 1 7052 471 49 470 50
143 141 139 2 3695 424 26 424 26
143 140 137 3 2576 423 18 423 18
143 139 135 4 2017 422 14 422 14
143 138 133 5 1686 421 12 421 12
143 137 131 6 1459 420 10 420 10
143 136 129 7 1303 419 9 419 9
143 135 127 8 1181 418 8 418 8
143 134 125 9 1096 417 8 417 8
143 133 123 10 1021 416 7 416 7
143 132 121 11 862 479 5 470 5
143 131 119 12 905 414 6 414 6
143 130 117 13 824 463 5 452 5
143 129 115 14 843 412 6 412 6
143 128 113 15 804 411 6 411 6
143 127 111 16 769 410 5 410 5
143 126 109 17 755 409 5 409 5
143 125 107 18 741 408 5 408 5
143 124 105 19 727 407 5 407 5
143 123 103 20 713 406 5 406 5
143 122 101 21 694 405 5 405 5
143 121 99 22 673 404 5 404 5
143 120 97 23 652 403 5 403 5
143 119 95 24 637 402 4 402 4
143 118 93 25 634 401 4 401 4
143 117 91 26 631 400 4 400 4
143 116 89 27 628 399 4 399 4
143 115 87 28 625 398 4 398 4
143 114 85 29 622 397 4 397 4
143 113 83 30 619 396 4 396 4
143 112 81 31 616 395 4 395 4
143 111 79 32 613 394 4 394 4
143 110 77 33 610 393 4 393 4
143 109 75 34 607 392 4 392 4
143 108 73 35 604 391 4 391 4
143 107 71 36 599 391 4 391 4
143 106 69 37 592 394 4 394 4
143 105 67 38 585 397 4 397 4
143 104 65 39 578 400 4 400 4
143 103 63 40 571 403 4 403 4
143 102 61 41 564 406 4 406 4
143 101 59 42 557 409 4 409 4
143 100 57 43 550 412 4 412 4
143 99 55 44 543 415 4 415 4
143 98 53 45 536 418 4 418 4
143 97 51 46 529 421 4 421 4
143 96 49 47 522 424 4 424 4
144 143 142 1 7149 474 49 474 49
144 142 140 2 3736 492 25 492 25
144 141 138 3 2595 494 17 494 17
144 140 136 4 2022 492 13 492 13
144 139 134 5 1707 424 12 424 12
144 138 132 6 1444 484 9 484 9
144 137 130 7 1318 422 9 422 9
144 136 128 8 1150 474 7 474 7
144 135 126 9 1026 498 6 492 6
144 134 124 10 1032 419 7 419 7
144 133 122 11 978 418 7 418 7
144 132 120 12 846 452 5 452 5
144 131 118 13 883 416 6 416 6
144 130 116 14 852 415 6 415 6
144 129 114 15 814 414 6 414 6
144 128 112 16 684 429 4 429 4
144 127 110 17 762 412 5 412 5
144 126 108 18 678 429 4 424 5
144 125 106 19 734 410 5 410 5
144 124 104 20 720 409 5 409 5
144 123 102 21 702 408 5 408 5
144 122 100 22 681 407 5 407 5
144 121 98 23 660 406 5 406 5
144 120 96 24 502 382 3 382 3
144 119 94 25 639 404 4 404 4
144 118 92 26 636 403 4 403 4
144 117 90 27 633 402 4 402 4
144 116 88 28 630 401 4 401 4
144 115 86 29 627 400 4 400 4
144 114 84 30 624 399 4 399 4
144 113 82 31 621 398 4 398 4
144 112 80 32 618 397 4 397 4
144 111 78 33 615 396 4 396 4
144 110 76 34 612 395 4 395 4
144 109 74 35 609 394 4 394 4
144 108 72 36 251 251 2 251 2
144 107 70 37 598 396 4 396 4
144 106 68 38 591 399 4 399 4
144 105 66 39 584 402 4 402 4
144 104 64 40 577 405 4 405 4
144 103 62 41 570 408 4 408 4
144 102 60 42 563 411 4 411 4
144 101 58 43 556 414 4 414 4
144 100 56 44 549 417 4 417 4
144 99 54 45 542 420 4 420 4
144 98 52 46 535 423 4 423 4
144 97 50 47 528 426 4 426 4
145 144 143 1 7244 523 49 523 49
145 143 141 2 3793 430 26 430 26
145 142 139 3 2642 429 18 429 18
145 141 137 4 2067 428 14 428 14
145 140 135 5 1710 499 11 494 11
145 139 133 6 1493 426 10 426 10
145 138 131 7 1333 425 9 425 9
145 137 129 8 1207 424 8 424 8
145 136 127 9 1124 423 8 423 8
145 135 125 10 1043 422 7 422 7
145 134 123 11 989 421 7 421 7
145 133 121 12 923 420 6 420 6
145 132 119 13 892 419 6 419 6
145 131 117 14 861 418 6 418 6
145 130 115 15 824 417 6 417 6
145 129 113 16 783 416 5 416 5
145 128 111 17 769 415 5 415 5
145 127 109 18 755 414 5 414 5
145 126 107 19 741 413 5 413 5
145 125 105 20 727 412 5 412 5
145 124 103 21 710 411 5 411 5
145 123 101 22 689 410 5 410 5
145 122 99 23 668 409 5 409 5
145 121 97 24 647 408 4 408 4
145 120 95 25 644 407 4 407 4
145 119 93 26 641 406 4 406 4
145 118 91 27 638 405 4 405 4
145 117 89 28 635 404 4 404 4
145 116 87 29 518 346 3 346 3
145 115 85 30 629 402 4 402 4
145 114 83 31 626 401 4 401 4
145 113 81 32 623 400 4 400 4
145 112 79 33 620 399 4 399 4
145 111 77 34 617 398 4 398 4
145 110 75 35 614 397 4 397 4
145 109 73 36 611 396 4 396 4
145 108 71 37 604 398 4 398 4
145 107 69 38 597 401 4 401 4
145 106 67 39 590 404 4 404 4
145 105 65 40 583 407 4 407 4
145 104 63 41 576 410 4 410 4
145 103 61 42 569 413 4 413 4
145 102 59 43 562 416 4 416 4
145 101 57 44 555 419 4 419 4
145 100 55 45 548 422 4 422 4
145 99 53 46 541 425 4 425 4
145 98 51 47 534 428 4 428 4
145 97 49 48 527 431 3 431 3
146 145 144 1 7346 481 50 480 50
146 144 142 2 3831 543 25 542 25
146 143 140 3 2678 432 19 432 19
146 142 138 4 2095 431 15 431 15
146 141 136 5 1749 430 12 430 12
146 140 134 6 1513 429 11 429 11
146 139 132 7 1348 428 9 428 9
146 138 130 8 1223 427 9 427 9
146 137 128 9 1137 426 8 426 8
146 136 126 10 1054 425 7 425 7
146 135 124 11 1000 424 7 424 7
146 134 122 12 935 423 7 423 7
146 133 120 13 901 422 6 422 6
146 132 118 14 870 421 6 421 6
146 131 116 15 834 420 6 420 6
146 130 114 16 793 419 6 419 6
146 129 112 17 776 418 5 418 5
146 128 110 18 762 417 5 417 5
146 127 108 19 748 416 5 416 5
146 126 106 20 734 415 5 415 5
146 125 104 21 718 414 5 414 5
146 124 102 22 697 413 5 413 5
146 123 100 23 676 412 5 412 5
146 122 98 24 655 411 5 411 5
146 121 96 25 649 410 4 410 4
146 120 94 26 646 409 4 409 4
146 119 92 27 643 408 4 408 4
146 118 90 28 640 407 4 407 4
146 117 88 29 637 406 4 406 4
146 116 86 30 634 405 4 405 4
146 115 84 31 631 404 4 404 4
146 114 82 32 628 403 4 403 4
146 113 80 33 625 402 4 402 4
146 112 78 34 622 401 4 401 4
146 111 76 35 619 400 4 400 4
146 110 74 36 616 399 4 399 4
146 109 72 37 610 400 4 400 4
146 108 70 38 603 403 4 403 4
146 107 68 39 596 406 4 406 4
146 106 66 40 589 409 4 409 4
146 105 64 41 582 412 4 412 4
146 104 62 42 575 415 4 415 4
146 103 60 43 568 418 4 418 4
146 102 58 44 561 421 4 421 4
146 101 56 45 554 424 4 424 4
146 100 54 46 547 427 4 427 4
146 99 52 47 540 430 4 430 4
146 98 50 48 533 433 4 433 4
147 146 145 1 7445 484 50 484 50
147 145 143 2 3897 436 27 436 27
147 144 141 3 2690 547 17 545 17
147 143 139 4 2123 434 15 434 15
147 142 137 5 1770 433 12 433 12
147 141 135 6 1533 432 11 432 11
147 140 133 7 1325 490 8 490 8
147 139 131 8 1239 430 9 430 9
147 138 129 9 1150 429 8 429 8
147 137 127 10 1065 428 7 428 7
147 136 125 11 1011 427 7 427 7
147 135 123 12 947 426 7 426 7
147 134 121 13 910 425 6 425 6
147 133 119 14 879 424 6 424 6
147 132 117 15 844 423 6 423 6
147 131 115 16 803 422 6 422 6
147 130 113 17 783 421 5 421 5
147 129 111 18 769 420 5 420 5
147 128 109 19 755 419 5 419 5
147 127 107 20 741 418 5 418 5
147 126 105 21 522 397 3 397 3
147 125 103 22 705 416 5 416 5
147 124 101 23 684 415 5 415 5
147 123 99 24 663 414 5 414 5
147 122 97 25 654 413 4 413 4
147 121 95 26 651 412 4 412 4
147 120 93 27 648 411 4 411 4
147 119 91 28 645 410 4 410 4
147 118 89 29 642 409 4 409 4
147 117 87 30 639 408 4 408 4
147 116 85 31 636 407 4 407 4
147 115 83 32 633 406 4 406 4
147 114 81 33 630 405 4 405 4
147 113 79 34 627 404 4 404 4
147 112 77 35 624 403 4 403 4
147 111 75 36 621 402 4 402 4
147 110 73 37 616 402 4 402 4
147 109 71 38 609 405 4 405 4
147 108 69 39 602 408 4 408 4
147 107 67 40 595 411 4 411 4
147 106 65 41 588 414 4 414 4
147 105 63 42 541 397 4 386 4
147 104 61 43 574 420 4 420 4
147 103 59 44 567 423 4 423 4
147 102 57 45 560 426 4 426 4
147 101 55 46 553 429 4 429 4
147 100 53 47 546 432 4 432 4
147 99 51 48 539 435 4 435 4
148 147 146 1 7542 534 50 534 50
148 146 144 2 3942 508 26 506 26
148 145 142 3 2750 438 19 438 19
148 144 140 4 2117 547 13 544 13
148 143 138 5 1791 436 12 436 12
148 142 136 6 1553 435 11 435 11
148 141 134 7 1378 434 9 434 9
148 140 132 8 1255 433 9 433 9
148 139 130 9 1163 432 8 432 8
148 138 128 10 1076 431 7 431 7
148 137 126 11 1022 430 7 430 7
148 136 124 12 959 429 7 429 7
148 135 122 13 919 428 6 428 6
148 134 120 14 888 427 6 427 6
148 133 118 15 854 426 6 426 6
148 132 116 16 813 425 6 425 6
148 131 114 17 790 424 5 424 5
148 130 112 18 776 423 5 423 5
148 129 110 19 762 422 5 422 5
148 128 108 20 748 421 5 421 5
148 127 106 21 734 420 5 420 5
148 126 104 22 713 419 5 419 5
148 125 102 23 692 418 5 418 5
148 124 100 24 671 417 5 417 5
148 123 98 25 659 416 4 416 4
148 122 96 26 656 415 4 415 4
148 121 94 27 653 414 4 414 4
148 120 92 28 650 413 4 413 4
148 119 90 29 647 412 4 412 4
148 118 88 30 644 411 4 411 4
148 117 86 31 641 410 4 410 4
148 116 84 32 638 409 4 409 4
148 115 82 33 635 408 4 408 4
148 114 80 34 632 407 4 407 4
148 113 78 35 629 406 4 406 4
148 112 76 36 626 405 4 405 4
148 111 74 37 258 258 2 258 2
148 110 72 38 615 407 4 407 4
148 109 70 39 608 410 4 410 4
148 108 68 40 601 413 4 413 4
148 107 66 41 594 416 4 416 4
148 106 64 42 587 419 4 419 4
148 105 62 43 580 422 4 422 4
148 104 60 44 573 425 4 425 4
148 103 58 45 566 428 4 428 4
148 102 56 46 559 431 4 431 4
148 101 54 47 552 434 4 434 4
148 100 52 48 545 437 4 437 4
148 99 50 49 538 440 3 440 3
149 148 147 1 7646 491 51 490 51
149 147 145 2 3999 442 27 442 27
149 146 143 3 2785 441 19 441 19
149 145 141 4 2179 440 15 440 15
149 144 139 5 1812 439 12 439 12
149 143 137 6 1573 438 11 438 11
149 142 135 7 1396 437 10 437 10
149 141 133 8 1271 436 9 436 9
149 140 131 9 1176 435 8 435 8
149 139 129 10 1087 434 7 434 7
149 138 127 11 1033 433 7 433 7
149 137 125 12 971 432 7 432 7
149 136 123 13 928 431 6 431 6
149 135 121 14 897 430 6 430 6
149 134 119 15 864 429 6 429 6
149 133 117 16 823 428 6 428 6
149 132 115 17 797 427 5 427 5
149 131 113 18 783 426 5 426 5
149 130 111 19 769 425 5 425 5
149 129 109 20 755 424 5 424 5
149 128 107 21 741 423 5 423 5
149 127 105 22 721 422 5 422 5
149 126 103 23 700 421 5 421 5
149 125 101 24 679 420 5 420 5
149 124 99 25 664 419 4 419 4
149 123 97 26 661 418 4 418 4
149 122 95 27 658 417 4 417 4
149 121 93 28 655 416 4 416 4
149 120 91 29 652 415 4 415 4
149 119 89 30 649 414 4 414 4
149 118 87 31 646 413 4 413 4
149 117 85 32 643 412 4 412 4
149 116 83 33 640 411 4 411 4
149 115 81 34 637 410 4 410 4
149 114 79 35 634 409 4 409 4
149 113 77 36 631 408 4 408 4
149 112 75 37 628 407 4 407 4
149 111 73 38 621 409 4 409 4
149 110 71 39 614 412 4 412 4
149 109 69 40 607 415 4 415 4
149 108 67 41 600 418 4 418 4
149 107 65 42 593 421 4 421 4
149 106 63 43 586 424 4 424 4
149 105 61 44 579 427 4 427 4
149 104 59 45 572 430 4 430 4
149 103 57 46 565 433 4 433 4
149 102 55 47 558 436 4 436 4
149 101 53 48 551 439 4 439 4
149 100 51 49 544 442 4 442 4
150 149 148 1 7747 494 51 494 51
150 148 146 2 4042 513 26 513 26
150 147 144 3 2810 519 18 516 18
150 146 142 4 2206 443 15 443 15
150 145 140 5 1807 510 11 510 11
150 144 138 6 1539 543 9 538 9
150 143 136 7 1414 440 10 440 10
150 142 134 8 1287 439 9 439 9
150 141 132 9 1189 438 8 438 8
150 140 130 10 1042 485 6 485 6
150 139 128 11 1044 436 7 436 7
150 138 126 12 983 435 7 435 7
150 137 124 13 937 434 6 434 6
150 136 122 14 906 433 6 433 6
150 135 120 15 730 476 4 464 4
150 134 118 16 833 431 6 431 6
150 133 116 17 804 430 5 430 5
150 132 114 18 790 429 5 429 5
150 131 112 19 776 428 5 428 5
150 130 110 20 762 427 5 427 5
150 129 108 21 748 426 5 426 5
150 128 106 22 729 425 5 425 5
150 127 104 23 708 424 5 424 5
150 126 102 24 687 423 5 423 5
150 125 100 25 523 398 3 398 3
150 124 98 26 666 421 4 421 4
150 123 96 27 663 420 4 420 4
150 122 94 28 660 419 4 419 4
150 121 92 29 657 418 4 418 4
150 120 90 30 536 358 3 358 3
150 119 88 31 651 416 4 416 4
150 118 86 32 648 415 4 415 4
150 117 84 33 645 414 4 414 4
150 116 82 34 642 413 4 413 4
150 115 80 35 639 412 4 412 4
150 114 78 36 636 411 4 411 4
150 113 76 37 633 410 4 410 4
150 112 74 38 627 411 4 411 4
150 111 72 39 620 414 4 414 4
150 110 70 40 613 417 4 417 4
150 109 68 41 606 420 4 420 4
150 108 66 42 599 423 4 423 4
150 107 64 43 592 426 4 426 4
150 106 62 44 585 429 4 429 4
150 105 60 45 578 432 4 432 4
150 104 58 46 571 435 4 435 4
150 103 56 47 564 438 4 438 4
150 102 54 48 557 441 4 441 4
150 101 52 49 550 444 4 444 4
